{"name":"1eb97c63-e59e-47e0-9047-b28383d78e84","id":"/providers/Microsoft.Flow/flows/1eb97c63-e59e-47e0-9047-b28383d78e84","type":"Microsoft.Flow/flows","properties":{"apiId":"/providers/Microsoft.PowerApps/apis/shared_logicflows","displayName":"Capacity_Autoscale","definition":{"metadata":{"workflowEntityId":null,"processAdvisorMetadata":null,"flowChargedByPaygo":null,"flowclientsuspensionreason":"None","flowclientsuspensiontime":null,"flowclientsuspensionreasondetails":"","creator":{"id":"13932dd7-bc9f-462b-83ae-176488a61110","type":"User","tenantId":"f2a463da-6ea5-4a92-901c-6b188f22a134"},"provisioningMethod":"FromDefinition","failureAlertSubscription":true,"clientLastModifiedTime":"2024-02-16T20:32:29.9224423Z","connectionKeySavedTimeKey":"2024-02-16T20:31:00.8051655Z"},"$schema":"https://schema.management.azure.com/providers/Microsoft.Logic/schemas/2016-06-01/workflowdefinition.json#","contentVersion":"1.0.0.0","parameters":{"$connections":{"defaultValue":{},"type":"Object"},"$authentication":{"defaultValue":{},"type":"SecureObject"}},"triggers":{"Recurrence":{"recurrence":{"frequency":"Hour","interval":3,"startTime":"2023-12-22T15:00:00.000Z"},"metadata":{"operationMetadataId":"f41ef91a-c844-410a-8934-72b39bb4bb59"},"type":"Recurrence"}},"actions":{"Query":{"runAfter":{"DAX_Query":["Succeeded"]},"metadata":{"operationMetadataId":"ca330913-9f1c-4420-aa54-5939af6f7063"},"type":"OpenApiConnection","inputs":{"host":{"apiId":"/providers/Microsoft.PowerApps/apis/shared_powerbi","connectionName":"shared_powerbi","operationId":"ExecuteDatasetQuery"},"parameters":{"groupid":"@body('InputIDs')?['workspaceId']","datasetid":"@body('InputIDs')?['datasetId']","specification/query":"@outputs('DAX_Query')","specification/serializerSettings/includeNulls":false},"authentication":"@parameters('$authentication')"}},"cmpLatestInteractiveRejectionValue":{"runAfter":{"Query":["Succeeded"]},"metadata":{"operationMetadataId":"75293898-c115-44f4-b463-8f6f3df0520b"},"type":"Compose","inputs":"@float(outputs('Query')?['body/firstTableRows']?[0]?['[IntReject]'])"},"DAX_Query":{"runAfter":{"InputIDs":["Succeeded"]},"metadata":{"operationMetadataId":"2ac01e2a-cb8c-4098-9a39-ee897b51ad8d"},"type":"Compose","inputs":"//Get latest timepoint\nDEFINE\n    MPARAMETER 'CapacityID' = \"@{body('InputIDs')?['capacityId']}\"\n    VAR __DS0FilterTable =\n        TREATAS ( { \"@{body('InputIDs')?['capacityId']}\" }, 'Capacities'[capacityId] )\n    VAR latestTP =\n        TOPN (\n            1,\n            ALL ( 'TimePointCUDetailV2'[WindowStartTime] ),\n            'TimePointCUDetailV2'[WindowStartTime], DESC\n        )\n\nEVALUATE\nSUMMARIZECOLUMNS (\n    'Dates'[Date],\n    'TimePoints'[TimePoint],\n    latestTP,\n    \"IntDelay\", ROUND ( 'TimePointCUDetailV2'[Dynamic InteractiveDelay %] * 100, 2 ),\n    \"IntReject\", ROUND ( 'TimePointCUDetailV2'[Dynamic InteractiveRejection %] * 100, 2 ),\n    \"BackReject\", ROUND ( 'TimePointCUDetailV2'[Dynamic BackgroundRejection %] * 100, 2 )\n)"},"InputIDs":{"runAfter":{},"metadata":{"operationMetadataId":"00e6d921-a6dd-4c33-955f-1afdf4d8d9b0"},"type":"ParseJson","inputs":{"content":{"capacityId":"7F85CF39-63EC-4F9C-A9C0-FE308431E1C8","workspaceId":"38d0b4b0-708f-42c5-b89f-0ce2efe89fb5","datasetId":"32a1d1da-c2e0-4a88-bb60-e0b327217256"},"schema":{"type":"object","properties":{"capacityId":{"type":"string"},"workspaceId":{"type":"string"},"datasetId":{"type":"string"}}}}},"cmpCapacity":{"runAfter":{"cmpLatestInteractiveRejectionValue":["Succeeded"]},"metadata":{"operationMetadataId":"57f55b74-9a45-40cc-93f8-1d9d1ae5e3b3"},"type":"Compose","inputs":"@concat('capacities/', 'ppmfabricdemo')","description":"concat('capacities/', 'ppmfabricdemo')"},"Read_a_resource":{"runAfter":{"cmpCapacity":["Succeeded"]},"metadata":{"operationMetadataId":"0d94de33-ccb5-4d66-ada5-0c36b59c77ac"},"type":"OpenApiConnection","inputs":{"host":{"apiId":"/providers/Microsoft.PowerApps/apis/shared_arm","connectionName":"shared_arm","operationId":"Resources_GetById"},"parameters":{"subscriptionId":"5f3e3cbd-b8a7-4d6e-a6c9-1fa98964ff8c","resourceGroupName":"Demo","resourceProviderNamespace":"Microsoft.Fabric","shortResourceId":"@outputs('cmpCapacity')","x-ms-api-version":"2023-11-01"},"authentication":"@parameters('$authentication')"}},"ConditionCheckState":{"actions":{"ConditionCheckSKUSize":{"actions":{"ConditionCheckInteractiveRejectionF2":{"actions":{"Create_or_update_a_resource":{"runAfter":{},"metadata":{"operationMetadataId":"e1125d9e-a5cd-4b35-b1e4-7df8c028a8fd"},"type":"OpenApiConnection","inputs":{"host":{"apiId":"/providers/Microsoft.PowerApps/apis/shared_arm","connectionName":"shared_arm","operationId":"Resources_CreateOrUpdateById"},"parameters":{"subscriptionId":"5f3e3cbd-b8a7-4d6e-a6c9-1fa98964ff8c","resourceGroupName":"Demo","resourceProviderNamespace":"Microsoft.Fabric","shortResourceId":"@outputs('cmpCapacity')","x-ms-api-version":"2023-11-01","parameters/location":"eastus2","parameters/sku/name":"F4"},"authentication":"@parameters('$authentication')"}}},"runAfter":{},"expression":{"greaterOrEquals":["@outputs('cmpLatestInteractiveRejectionValue')",75]},"metadata":{"operationMetadataId":"2b0dab40-f6ef-4bb6-adae-ffe7f6023026"},"type":"If"}},"runAfter":{},"else":{"actions":{"ConditionCheckInteractiveRejectionF4":{"actions":{"Create_or_update_a_resource_2":{"runAfter":{},"metadata":{"operationMetadataId":"e1125d9e-a5cd-4b35-b1e4-7df8c028a8fd"},"type":"OpenApiConnection","inputs":{"host":{"apiId":"/providers/Microsoft.PowerApps/apis/shared_arm","connectionName":"shared_arm","operationId":"Resources_CreateOrUpdateById"},"parameters":{"subscriptionId":"5f3e3cbd-b8a7-4d6e-a6c9-1fa98964ff8c","resourceGroupName":"Demo","resourceProviderNamespace":"Microsoft.Fabric","shortResourceId":"@outputs('cmpCapacity')","x-ms-api-version":"2023-11-01","parameters/location":"eastus2","parameters/sku/name":"F2"},"authentication":"@parameters('$authentication')"}}},"runAfter":{},"expression":{"lessOrEquals":["@outputs('cmpLatestInteractiveRejectionValue')",25]},"metadata":{"operationMetadataId":"b1f076cb-4186-4256-8846-5f537dd59643"},"type":"If"}}},"expression":{"equals":["@outputs('Read_a_resource')?['body/sku/name']","F2"]},"metadata":{"operationMetadataId":"c11bf1e2-ae5a-47d8-807d-3ac252553f2a"},"type":"If"}},"runAfter":{"Read_a_resource":["Succeeded"]},"expression":{"equals":["@outputs('Read_a_resource')?['body/properties']?['state']","Active"]},"metadata":{"operationMetadataId":"b22a760f-c4e8-4e65-85b2-06d6533fab3d"},"type":"If"}}},"connectionReferences":{"shared_powerbi":{"connectionName":"5b8b3fe1fc8140369622c3dccce7ee0c","source":"Embedded","id":"/providers/Microsoft.PowerApps/apis/shared_powerbi","tier":"NotSpecified"},"shared_arm":{"connectionName":"shared-arm-d7018a86-878c-4880-83da-4a772e87c6a9","source":"Embedded","id":"/providers/Microsoft.PowerApps/apis/shared_arm","tier":"NotSpecified"}},"flowFailureAlertSubscribed":false,"isManaged":false}}