{"name":"03105056-16e7-450f-9925-30dcfb141724","id":"/providers/Microsoft.Flow/flows/03105056-16e7-450f-9925-30dcfb141724","type":"Microsoft.Flow/flows","properties":{"apiId":"/providers/Microsoft.PowerApps/apis/shared_logicflows","displayName":"Capacity Checker","definition":{"metadata":{"workflowEntityId":null,"processAdvisorMetadata":null,"flowChargedByPaygo":null,"flowclientsuspensionreason":"None","flowclientsuspensiontime":null,"flowclientsuspensionreasondetails":null,"creator":{"id":"13932dd7-bc9f-462b-83ae-176488a61110","type":"User","tenantId":"f2a463da-6ea5-4a92-901c-6b188f22a134"},"provisioningMethod":"FromDefinition","failureAlertSubscription":true,"clientLastModifiedTime":"2024-01-10T22:41:28.4898683Z","connectionKeySavedTimeKey":"2024-01-10T22:41:28.4898683Z"},"$schema":"https://schema.management.azure.com/providers/Microsoft.Logic/schemas/2016-06-01/workflowdefinition.json#","contentVersion":"1.0.0.0","parameters":{"$connections":{"defaultValue":{},"type":"Object"},"$authentication":{"defaultValue":{},"type":"SecureObject"}},"triggers":{"Recurrence":{"recurrence":{"frequency":"Hour","interval":1,"startTime":"2023-12-22T15:00:00.000Z"},"metadata":{"operationMetadataId":"f41ef91a-c844-410a-8934-72b39bb4bb59"},"type":"Recurrence"}},"actions":{"Query":{"runAfter":{"DAX_Query":["Succeeded"]},"metadata":{"operationMetadataId":"ca330913-9f1c-4420-aa54-5939af6f7063"},"type":"OpenApiConnection","inputs":{"host":{"apiId":"/providers/Microsoft.PowerApps/apis/shared_powerbi","connectionName":"shared_powerbi","operationId":"ExecuteDatasetQuery"},"parameters":{"groupid":"@body('InputIDs')?['workspaceId']","datasetid":"@body('InputIDs')?['datasetId']","specification/query":"@outputs('DAX_Query')","specification/serializerSettings/includeNulls":false},"authentication":"@parameters('$authentication')"}},"compose_SubjectLine":{"runAfter":{"Query":["Succeeded"]},"metadata":{"operationMetadataId":"75293898-c115-44f4-b463-8f6f3df0520b"},"type":"Compose","inputs":"@if(\r\n    greaterOrEquals(float(outputs('Query')?['body/firstTableRows']?[0]?['[BackReject]']), 100), 'Critical Issue - Background Rejection Occurred', \r\n\tif(\r\n\t\tgreaterOrEquals(float(outputs('Query')?['body/firstTableRows']?[0]?['[IntReject]']), 100), 'Major Issue - Interactive Rejection Occurred',\r\n\t\tif(\r\n\t\t\tgreaterOrEquals(float(outputs('Query')?['body/firstTableRows']?[0]?['[IntDelay]']), 100), 'Minor Issue - Interactive Delay Occurred',\r\n\t\t\tconcat('All is well - your max value for interactive delay was - ', outputs('Query')?['body/firstTableRows']?[0]?['[IntDelay]'] )\r\n\t\t)\r\n\t)\r\n)"},"SendEmail":{"runAfter":{"Create_HTML_table":["Succeeded"]},"metadata":{"operationMetadataId":"cb4600a1-5c26-4bab-a43d-1a8903207129"},"type":"OpenApiConnection","inputs":{"host":{"apiId":"/providers/Microsoft.PowerApps/apis/shared_office365","connectionName":"shared_office365","operationId":"SendEmailV2"},"parameters":{"emailMessage/To":"Pat@wcj27.onmicrosoft.com","emailMessage/Subject":"@outputs('compose_SubjectLine')","emailMessage/Body":"<p>Below are the delay and rejection values for capacity - @{body('InputIDs')?['capacityId']}. Values over 100 indicate that form of delay/rejection occurred.<br>\n<br>\n@{body('Create_HTML_table')}</p>","emailMessage/Importance":"Normal"},"authentication":"@parameters('$authentication')"}},"Create_HTML_table":{"runAfter":{"compose_SubjectLine":["Succeeded"]},"metadata":{"operationMetadataId":"8f08842d-5932-48f2-848a-dba8c5b2bdbc"},"type":"Table","inputs":{"from":"@outputs('Query')?['body/firstTableRows']","format":"HTML"}},"DAX_Query":{"runAfter":{"InputIDs":["Succeeded"]},"metadata":{"operationMetadataId":"2ac01e2a-cb8c-4098-9a39-ee897b51ad8d"},"type":"Compose","inputs":"//Get latest timepoint\nDEFINE\n    MPARAMETER 'CapacityID' = \"@{body('InputIDs')?['capacityId']}\"\n    VAR __DS0FilterTable =\n        TREATAS ( { \"@{body('InputIDs')?['capacityId']}\" }, 'Capacities'[capacityId] )\n    VAR latestTP =\n        TOPN (\n            1,\n            ALL ( 'TimePointCUDetailV2'[WindowStartTime] ),\n            'TimePointCUDetailV2'[WindowStartTime], DESC\n        )\n\nEVALUATE\nSUMMARIZECOLUMNS (\n    'Dates'[Date],\n    'TimePoints'[TimePoint],\n    latestTP,\n    \"IntDelay\", ROUND ( 'TimePointCUDetailV2'[Dynamic InteractiveDelay %] * 100, 2 ),\n    \"IntReject\", ROUND ( 'TimePointCUDetailV2'[Dynamic InteractiveRejection %] * 100, 2 ),\n    \"BackReject\", ROUND ( 'TimePointCUDetailV2'[Dynamic BackgroundRejection %] * 100, 2 )\n)\n\n\n//Get timepoint from last hour with highest Interactive Rejection value\n//DEFINE\n//    MPARAMETER 'CapacityID' = \"@{body('InputIDs')?['capacityId']}\"\n//    VAR __DS0FilterTable =\n//        TREATAS ( { \"@{body('InputIDs')?['capacityId']}\" }, 'Capacities'[capacityId] )\n//    VAR latesthour =\n //       TOPN (\n  //          120,\n  //          ALL ( 'TimePointCUDetailV2'[WindowStartTime] ),\n  //          'TimePointCUDetailV2'[WindowStartTime], DESC\n  //      )\n\n//EVALUATE\n//TOPN (\n //   1,\n //   SUMMARIZECOLUMNS (\n //       'Dates'[Date],\n //       'TimePoints'[TimePoint],\n  //      latesthour,\n  //      \"IntDelay\", ROUND ( 'TimePointCUDetailV2'[Dynamic InteractiveDelay %] * 100, 2 ),\n//        \"IntReject\", ROUND ( 'TimePointCUDetailV2'[Dynamic InteractiveRejection %] * 100, 2 ),\n//        \"BackReject\", ROUND ( 'TimePointCUDetailV2'[Dynamic BackgroundRejection %] * 100, 2 )\n//    ),\n //   [IntReject] + RAND()/1000, DESC\n//)\n"},"InputIDs":{"runAfter":{},"metadata":{"operationMetadataId":"00e6d921-a6dd-4c33-955f-1afdf4d8d9b0"},"type":"ParseJson","inputs":{"content":{"capacityId":"99236B3B-F8FA-4079-988C-B01EB344C38B","workspaceId":"221e70f1-83ca-4f96-bd0e-3f8889aaddcf","datasetId":"b5aa828b-c6b7-4fa7-bdc5-6ac9c0c57fa0"},"schema":{"type":"object","properties":{"capacityId":{"type":"string"},"workspaceId":{"type":"string"},"datasetId":{"type":"string"}}}}}}},"connectionReferences":{"shared_powerbi":{"connectionName":"5b8b3fe1fc8140369622c3dccce7ee0c","source":"Embedded","id":"/providers/Microsoft.PowerApps/apis/shared_powerbi","tier":"NotSpecified"},"shared_office365":{"connectionName":"606238d273ea406da192fece3e95273c","source":"Embedded","id":"/providers/Microsoft.PowerApps/apis/shared_office365","tier":"NotSpecified"}},"flowFailureAlertSubscribed":false,"isManaged":false}}