Batch,D001,D002,D003,D004,D005,D006,D007,D008,D009,D010,D011,D012,D013,D014,D015,D016,D017
1,31.92,25.48,18.69,36.87,31.57,28.78,28.76,32.87,25.77,28.3,25.9,27.95,33,32.55,32.05,25.64,30.08
2,30.88,25.37,18.51,36.13,32,26.51,28.86,32.86,25.15,27.98,25.43,28.11,33.07,33.05,27.4,25.22,30.06
3,30.73,25.96,18.28,34.81,31.32,28.05,28.29,32.71,25.42,27.63,25.38,27.11,32.86,30.89,25.06,25.67,30.07
4,31.46,24.17,18.95,35.91,31.35,27.37,29.93,32.28,25.52,26.53,26.34,27.25,33.05,27.91,26.98,25.69,30
5,31.74,24.79,18.59,36.91,31.76,28.88,28.45,31.67,25.75,28.38,25.83,26.43,32.86,27.32,30.45,25.37,30.1
6,31.38,24.51,18.78,34.93,30.58,29.35,30.06,31.69,25.17,28.28,26.47,26.68,32.53,29.23,33.74,25.39,30.08
7,30.47,25.13,18.89,35.92,31.06,26.22,28.08,32.68,25.9,28.05,26.66,27.51,32.67,32.41,32.29,25.68,30.09
8,31.51,24.16,18.96,35.44,30.81,26.7,29.66,31.66,25.42,26.53,25.93,27.41,32.69,32.98,29.24,25.57,30.08
9,31.99,24.33,18.68,35.06,31.68,29.06,28.85,32.34,25.93,28.44,26.6,28.39,32.71,31.47,26.1,25.23,30.08
10,31.97,25.92,18.03,36.49,32.07,29.35,29.75,32.2,25.96,27.21,26.56,26.85,32.38,28.44,26.39,25.21,34.09
11,32.07,24.28,18.03,36.91,31.15,26.07,28.99,32.16,25.58,28.2,26.89,28.6,32.15,27.55,29.6,25.17,34.03
12,31.48,24.02,18.73,36.23,31.32,28.83,29.68,32.73,25.76,27.32,26.21,27.83,32.13,28.71,32.95,25.33,34.02
13,32.58,24.73,18.19,35.41,30.93,27.32,30.2,31.37,25.49,27.2,26.91,28.42,32.05,31.84,32.75,25.1,34.04
14,31.78,25.5,18.61,36.39,31,29.84,30.05,32.81,25.88,27.73,27.32,27.62,31.97,33.5,30.2,25.73,34.07
15,31.8,25.57,18.07,34.08,31.14,28.86,29.96,31.56,25.24,27.29,27.06,27.49,32.28,32.08,26.58,25.27,34.04
16,30.57,25.29,18.35,36.47,31.93,28.31,29.3,32.32,25.75,26.51,27.02,27.24,32.09,29.5,25.95,25.67,34.09
17,31.92,25.07,18.87,36.46,31.02,26.98,28.03,32.42,25.92,26.51,27.41,27.5,31.79,27.21,28.34,25.85,34.07
18,32.51,24.78,18.41,35.43,31.37,26.27,29.4,31.06,25.15,28.27,26.82,28.25,32.01,27.75,32.35,26.47,34.08
19,30.2,24.39,18.26,35.65,31.46,28.63,29.58,32.01,25.96,27.92,27.9,27.51,31.86,30.68,33.31,27.23,34.05
20,30.51,24.82,18.96,36.84,31.03,29.65,28.65,32.65,25.43,27.58,27.08,27.54,31.68,33.15,30.74,28.51,30.05
21,32.84,24.68,18.16,36.12,31.01,26.22,27.58,31.35,25.78,27.67,27.54,27.65,31.55,33.09,27.12,30.25,30.01
22,30.8,24.26,18.15,35.65,31.04,29.68,28.35,31,25.07,28.38,27.82,29.13,31.28,30.2,25.38,32.27,30.02
23,31.38,25.11,18.75,35.63,30.64,26.72,27.74,32.65,25.67,27.41,27.49,28.77,31.21,27.89,27.21,34.28,30.07
24,30.07,24.46,18.55,36.6,31.76,29.12,29.25,32.1,25.17,26.95,28.4,29.39,31.17,27.44,30.71,37.21,30.03
25,32.98,25.66,18.28,36.37,30.56,28.49,29.5,31.68,25.42,28.45,28.28,28.5,31.07,29.76,33.2,39.98,30.09
26,30.11,25.98,18.82,34.08,31.53,29.4,28.35,31.55,25.84,27.65,28.06,27.81,31.4,32.85,32.28,42.67,30
27,31.22,24.92,18.63,34.33,31.74,26.14,28,31.11,25.59,26.77,28.65,28.4,31.06,32.96,28.22,45.34,30.05
28,30.65,25.34,18.29,36.1,31.41,27.92,29.06,32.49,25.54,26.65,27.93,29.16,30.78,30.88,25.59,47.59,30.04
29,31.84,25.36,18.25,36.35,31.95,29.36,30.17,32.14,25.25,27.04,28.24,29.48,31.05,28.31,26.9,48.89,30.04
30,32.65,25.59,18.37,36.53,31.49,27.25,29.35,31.06,25.6,28.34,28.84,28.94,30.87,27.29,29.69,49.23,34.04
31,30.69,24.79,18.12,36.43,31.29,29.97,27.96,32.14,25.85,27.57,28.57,29.81,30.91,29.28,33.53,48.83,34.03
32,31.37,24.4,18.73,36.98,31.94,28.22,29.1,32.52,25.83,26.73,28.65,28.61,30.58,31.73,33.07,47.55,34.01
33,32.14,25.61,18.57,35.65,30.56,28.37,27.35,32.14,25.97,26.87,29.16,28.43,30.37,33.07,29.22,45.11,34.01
34,30.36,24.94,18.62,36,32.06,29.05,27.49,32.86,25.84,26.77,29.39,28.8,30.53,32.02,26.13,42.91,34.03
35,31.65,24.37,18.1,36.12,31.23,28.69,30.04,31.91,25.39,28.38,29.03,28.48,30.31,28.89,26.03,40.02,34.02
36,31.66,24.79,18.95,34.95,31.28,26.27,28.33,31.38,25.93,26.6,28.81,28.9,30.58,27.21,28.72,37.03,34.05
37,30.28,24.82,18.71,34.16,30.98,26.83,28.91,31.02,25.13,26.75,28.81,29.78,30.53,28.46,32.7,34.27,34.03
38,30.43,25.27,18.98,35.71,30.81,27.87,27.47,31.62,25.9,28.38,29.78,30.19,30.12,31.26,33.45,32.27,34.07
39,31.05,25.97,18.05,34.18,31.46,27.35,29.17,32.75,25.87,26.97,28.91,28.35,30.18,33.34,30.33,29.97,34
40,31.31,25.73,18.98,36.27,31.02,26.92,27.48,32.41,25.62,28.49,29.11,29.32,29.83,32.26,26.4,28.79,30
41,30.6,25.8,18.54,34.34,31,28.41,27.96,32.88,25.21,28.21,29.45,29.03,30.02,29.54,25.62,27.33,30.09
42,32.92,25.58,18.02,36.09,30.5,29.35,28.11,32.2,25.55,28.21,29.82,29.06,29.67,27.57,27.77,26.99,30.04
43,31.17,24.87,18.65,36.06,31.96,27.77,27.78,31.39,25.72,27.13,30.23,29.33,29.7,28.1,32.1,26.06,30.01
44,32.49,25.78,18.98,34.37,30.66,26.37,27.53,32.38,25.9,27.59,29.61,28.74,29.84,30.53,33.8,25.91,30.02
45,31.72,25.04,18.59,35.05,30.99,28.67,29.74,31.47,25.48,27.36,30.07,29.38,29.53,33.07,31.6,25.3,30.08
46,30.81,24.77,18.51,36.54,31.94,27.94,28.84,31.1,25.99,27.49,29.99,30.53,29.51,32.86,27.74,25.52,30.08
47,32.2,24.73,18.4,36.41,32.2,27.71,29.35,31.26,25.67,27.45,30.46,28.95,29.3,30.5,25.7,25.59,30.07
48,31.17,24.37,18.9,36,30.64,26.86,27.41,31.56,25,27.34,29.83,30.69,29.19,27.9,26.73,25.65,30.08
49,32.45,25.31,18.78,35.47,31.97,27.38,28.45,32.86,25.71,27.3,30,30.55,29.3,27.72,30.65,25.56,30.1
50,31.01,25.05,18.42,36.81,31.75,27.32,30.04,32.89,25.82,28.42,30.05,29.25,29.5,29.29,33.69,25.36,34.1
51,30.91,25.99,18.14,35.86,31.27,28.17,29.83,31.38,25.9,27.64,30.92,29.27,29.03,32.45,32.57,25.68,34.03
52,31.7,24.66,18.64,35.16,31.12,29.15,29.09,32.19,25.86,27.93,30.55,29.58,29.31,33.33,28.72,25.69,34.05
53,30.5,25.36,18.6,36.33,31.75,26.23,29.43,32.7,25.59,28.02,30.74,29.89,28.88,31.44,25.78,25.03,34.03
54,31.62,25.83,18.74,35.01,31.68,28.09,29.15,32.49,25.35,26.74,30.73,30.67,28.91,28.91,25.93,25.46,34.1
55,30.4,24.04,18.66,35.77,31.68,27.24,28.94,32.03,25.07,28.19,30.93,30.16,28.74,27.1,29.55,25.61,34.09
56,30.7,25.78,18.36,35.65,31.75,27.38,30.17,31.41,25.44,28.33,31.23,29.95,29,28.46,32.56,25.51,34.01
57,32.66,24.37,18.84,35.05,30.51,28.13,28.14,32.82,25.92,28.47,30.92,30.63,28.92,31.33,33.18,25.31,34.07
58,30.46,25.96,18.95,36.54,31.88,26.99,28.18,31.03,25.63,27.72,31.19,30.8,28.69,33.53,29.58,25.47,34.09
59,32.98,24.48,18.06,36.99,31.13,29.49,28.83,31.47,25.46,26.78,31.05,30.59,28.73,31.95,26.32,25.05,34.01
60,30.45,25.8,18.26,34.77,31.78,27.85,28.9,32.96,25.8,26.77,31.9,31.58,28.63,29.22,25.75,25.61,30.04
61,31.66,25.96,18.77,36.3,30.61,29.18,29.68,31.69,25.07,27.56,31.82,30.51,28.55,27.36,28.03,25.53,30.04
62,30.98,24.05,18.24,36.6,31.45,28.55,29.75,32.87,25.7,27.48,31.62,30.88,28.52,28.09,31.79,25.33,30.06
63,30.64,24.23,18.05,34.73,31.33,29.86,27.39,32.26,25.95,27.97,31.73,29.93,28.37,30.88,33.17,25.36,30.03
64,30.95,25.09,18.29,34.26,30.95,27.86,28.23,31.97,25.1,27.81,31.68,31.71,28.13,33.21,30.74,25.12,30.06
65,30.31,24.54,18.13,35.45,30.78,27.83,28.03,31.91,25.83,26.77,31.9,30.13,28.02,32.59,26.96,25.4,30
66,31.54,24.61,18.02,35.4,31.17,29.74,29.66,32.96,25.64,27.56,31.6,31.82,28.22,30.05,25.18,25.39,30.04
67,32.91,25.92,18.26,34.27,32.17,28.88,30.16,31.3,25.04,28.08,32.69,30.19,28.09,28.03,27.63,25.14,30.09
68,30.44,24.68,18.95,36.56,31.08,27.54,29.11,32.1,25.92,28.48,32.34,31.32,27.92,27.88,31.46,25.35,30.06
69,30.56,24.04,18.23,36.58,30.99,29.56,30.21,32.93,25.55,27.32,32.8,31.11,27.72,29.79,33.3,25.22,30.08
70,30.19,25.89,18.75,36.17,31.47,26.24,28.12,32.15,25.86,28.06,32.43,32.13,27.67,32.36,32.15,25.11,34.05
71,32.74,25.21,18.77,36.9,32.06,27.4,28.41,31.56,25.29,27.5,33.06,30.32,27.64,33.27,28.53,25.03,34.01
72,31.3,24.02,18.98,34.81,32.06,29.79,30.22,32.04,25.49,27.28,32.87,32.03,27.46,30.91,25.4,25.38,34.03
73,31.59,24.34,18.61,36.28,31.79,26.56,29.08,32.01,25.78,28.42,32.3,31.72,27.54,28.27,26.49,25.37,34.08
74,31.01,25.96,18.35,36.11,31.24,26.47,28.27,32.62,25.35,26.6,32.78,32.13,27.2,27.34,30.58,25.33,34.01
75,31.06,25.85,18.79,35.66,31.91,29.07,28.76,31.54,25.52,27.55,33.16,31.42,27.27,28.89,32.81,25.22,34.04
76,30.29,24.7,18.86,34.65,30.87,27.8,28.62,31.65,25.39,28.5,33.14,31.01,27.31,31.75,32.4,25.5,34
77,32.09,24.12,18.11,35.35,31.78,29.99,29.09,31.58,25.06,26.55,33.22,31.27,26.88,33.49,28.97,25.04,34.09
78,30.02,24.77,18.99,34.7,31.4,28.5,29.1,32.37,25.45,26.88,33.73,32.31,26.89,32.11,26.21,25.27,34.02
79,31.1,24.77,18.59,36.42,32.02,29.4,30.14,31.96,25.81,27.45,33.54,32.62,26.69,29.2,26.26,25.27,34.08
80,32.79,25.49,18.76,34.42,31.09,27.95,28.97,32.3,25.09,27.63,33.42,32.71,26.94,27.49,28.95,25.18,30.05
81,32.15,24.96,18.03,34.03,30.83,29.84,28.42,31.56,25.75,28.12,33.63,31.4,26.63,28.29,32.19,25.65,30.01
82,32.27,24.27,18.73,36.8,30.56,26.48,27.66,31.51,25.99,27.01,34.17,32.71,26.72,31.25,33.66,25.47,30.07
83,30.77,25.95,18.25,35.8,31.36,28.96,28.3,31.61,25.39,27.94,33.43,31.69,26.56,33.19,30.04,25.06,30.05
84,30.5,25.07,18.84,35.93,31.47,27.7,29.64,32.28,25.75,28.21,33.43,31.95,26.62,32.28,27.02,25.39,30.01
85,32.49,24.7,18.72,34.59,31.75,27.05,27.6,32.29,25.77,26.67,33.63,31.34,26.5,29.61,25.52,25.04,30.06
86,32.42,25.76,18.16,36.61,31.93,28.28,27.33,31.18,25.9,27.43,34.12,32.47,26.6,27.37,28.01,25.44,30.06
87,30.87,24.95,18.72,36.07,31.32,27.13,28.01,31.06,25.73,27.43,34.04,32.28,26.09,27.95,32.17,25.03,30.04
88,31.53,25.24,18.78,35.88,31.88,27.01,30.03,32.34,25.12,26.64,34.27,31.31,26.27,30.35,33.55,25.09,30.03
89,30.83,24.56,18.95,34.7,32.09,28.29,30.25,32.91,25.11,26.6,34.36,32.68,26.37,32.71,31.21,25.32,30.01
90,31.15,25.91,18.81,34.7,31.66,29.8,27.46,31.86,25.16,26.64,34.4,32.41,26.28,32.88,27.78,25.29,34.07
91,32.1,24.21,18.72,35.93,31.68,28.12,28.12,31.46,25.6,26.91,34.57,33.16,25.85,30.51,25.73,25.07,34.01
92,32.21,24.54,18.39,34.1,30.53,29.59,29.15,32.79,25.11,27.28,34.8,32.22,25.81,27.77,26.98,25.55,34.06
93,31.86,24.39,18.99,35.48,31.96,28.25,29.73,31.03,25.28,28.34,34.71,31.67,26,27.63,30.58,25.55,34.02
94,32.11,24.47,18.92,34.64,30.73,26.59,29.05,32.29,25.61,27.46,35.03,33.56,25.77,29.36,33.36,25.56,34.09
95,32.25,24.3,18.61,35.7,31.29,26.62,29.62,31.67,25.18,27.82,35.04,33,25.44,32.18,32.65,25.36,34.09
96,30.63,25.25,18.19,35.65,31.52,29.22,30.25,31.04,25.23,27.44,34.98,32.34,25.41,33.44,28.92,25.01,34.1
97,31.49,24.81,18.74,36.58,31.13,26.01,28.41,32.27,25.68,27.98,34.93,32.97,25.63,31.61,25.45,25.1,34.06
98,32.27,24.31,18.47,35.59,30.73,29.17,29.05,31.61,25.16,27.92,35.62,32.01,25.53,28.75,26.43,25.13,34.09
99,30.78,25.97,18.46,35.55,31.82,28.44,27.72,32.85,25.64,27.29,35.51,33.65,25.24,27.55,29.62,25.68,34.03
100,31.51,24.38,18.65,34.12,31.31,29.82,28.92,31.3,25.6,27.95,35.02,32.01,25.08,28.77,32.63,25.07,30.07
101,32.47,25.26,18.23,34.76,32.02,28.65,29.15,31.56,25.88,26.63,35.97,33.42,25.25,31.83,33.4,25.26,30.01
102,31.37,25.33,18.22,34.07,31.03,26.99,28.35,32.11,25.05,26.56,35.88,33.92,25.06,33.11,29.52,25.58,30.09
103,31.8,25.05,18.27,34.8,32.12,26.54,29.74,31.7,25.18,28.15,36.14,32.61,25.01,31.95,26.36,25.66,30.02
104,32.67,25.93,18.08,36.6,31.5,28.68,27.46,31.75,25.79,27.96,35.61,34.14,25.11,29.43,25.95,25.03,30
105,31.65,25.62,18.7,36.01,31.29,26.16,28.95,31.06,25.41,26.76,36.47,32.98,25.02,27.29,28.76,25.68,30.08
106,32.83,25.67,18.82,35.01,30.74,27.19,27.75,31.54,25.09,27.62,36.52,34.23,24.83,27.96,32.58,25.05,30.03
107,30.7,25.51,18.73,36.83,31.99,27.61,28.69,31.18,25.1,28.15,36.56,33.12,24.73,30.93,33.32,25.56,30.05
108,30.89,25.88,18.39,35.84,31.41,28.65,27.87,32.92,25.98,28.35,36.58,33.45,24.68,33.33,31.32,25.68,30.02
109,32.35,25.86,18.6,35.3,32.05,27.61,28.26,31.78,25.94,27.07,36.09,33.4,24.62,32.95,27.58,25.1,30
110,30.67,25.21,18.35,34.9,31.98,27.88,28.89,32.23,25.9,26.95,36.59,34.13,24.21,29.98,25.61,25.26,34.07
111,32.37,25.32,18.53,34.2,31.78,28.62,29.36,32.16,25.48,28.14,37.05,34.19,24.32,27.78,27.74,25.67,34.02
112,31.47,25.03,18.27,34.25,32.07,29.41,29.35,32.22,25.74,27.23,36.22,32.91,24.51,27.57,31.68,25.4,34.02
113,31.78,24.13,18.6,35.71,31.71,26.93,29.91,32.72,25.7,27.41,36.73,33.36,24.37,29.86,33.51,25.5,34.07
114,32.42,24.17,18.69,35.68,31.11,28.61,28.02,32.81,25.44,27.45,36.49,33.9,23.97,32.46,32.03,25.32,34.09
115,32.17,24.83,18.84,35.11,30.83,26.3,27.65,32.85,25.65,27.05,37.33,33.09,24.09,33.08,28.49,25.65,34.03
116,30.13,25.83,18.07,36.24,32.17,26.79,29.84,31.19,25.38,27.91,36.77,33.2,23.98,30.92,25.82,25.2,34.09
117,30.72,24.24,18.43,34.62,30.69,26.29,28.3,32.41,25.02,27.79,37.6,34.31,23.76,28.04,26.29,25.21,34.07
118,30.8,24.44,18.32,36.81,30.75,29.75,28.55,31.06,25.29,27.4,36.84,33.74,23.92,27.17,29.94,25.25,34.04
119,31.47,24.96,18.43,36.79,31.26,26.59,28.56,31.22,25.71,27.4,37.81,34.51,23.66,29.24,33.59,25.6,34.06
120,30.26,24.57,18.47,35.08,31.66,26.08,28.26,32.88,25.79,28.32,37.86,34.99,23.74,31.76,32.87,25.38,30.05
121,32.9,24.74,18.09,34.44,31.12,26.8,29.32,32.54,25.46,28.31,37.3,35.13,23.75,33,29.43,25.44,30.04
122,30.82,25.5,18.01,35.37,31.96,28.86,29.45,31.67,25.93,28.01,37.58,34.85,23.31,31.71,26.07,25.66,30.02
123,31.82,25.92,18.14,34.4,32.07,26.52,29.02,32.93,25.72,27.21,38.16,33.44,23.46,28.78,25.77,25.48,30.03
124,32.95,24.08,18.61,35.43,31.97,29.64,27.85,31.09,25.87,26.98,37.43,35.14,23.39,27.02,28.92,25.02,30.04
125,30.87,24.63,18.34,35.48,30.82,28.9,28.92,32.22,25.91,27.51,38.45,33.7,23.41,28.73,32.7,25.34,30.09
126,30.14,25.86,18.31,36.3,31.32,29.14,27.69,31.64,25.41,27.12,37.99,33.97,23.41,31.4,33.16,25.45,30.04
127,31.39,24.57,18.47,34.23,30.52,28.23,29.53,32.99,25.25,28.35,38.38,35.37,22.86,33.18,30.63,25.19,30.01
128,30.38,25.79,18.1,34.67,31.85,29.25,29.17,32.15,25.31,27.12,38.8,34.59,22.82,32.66,26.54,25.19,30.03
129,31.19,25.96,18.3,34.18,30.51,29.66,28.5,32.95,25.84,26.55,38.77,35.4,22.89,29.68,25.17,25.6,30.04
130,30.32,24.98,18.03,36.7,30.93,28.89,28.53,31.5,25.08,27.89,38.61,35.5,22.71,27.43,27.84,25.69,34.09
131,30.93,25.01,18.04,35.82,31.48,29.12,29.51,32.04,25.96,27.88,38.44,35.38,22.66,27.8,31.98,25.32,34.02
132,31.36,24.17,18.22,34.65,31.53,29.9,27.61,31.44,25.18,27.56,38.67,35.27,22.83,30.34,33.12,25.23,34
133,31.75,25.94,18.99,36.08,31.2,26.19,28.11,32.47,25.91,27.19,38.82,35.26,22.42,32.76,31.33,25.62,34.01
134,30.36,25.15,18.94,35.84,31.81,28.56,29.01,32.22,25.86,26.77,38.89,34.22,22.37,32.69,27.2,25.13,34.07
135,30.74,25.99,18.44,36.54,31.6,28.33,29.01,31.38,25.04,27.24,38.83,35.62,22.25,30.34,25.87,25.46,34.1
136,30.58,25.52,18.29,36.76,31.73,26.21,29.59,32.7,25.49,27.85,39.54,34.62,22.42,28.16,26.86,25.21,34.06
137,31.67,24.72,18.08,36.95,31.16,26.16,27.96,31.94,25.27,28.16,39.11,35.45,22.29,27.62,30.35,25.3,34.05
138,30.23,24.21,18.35,34.88,31.35,29.72,28.6,32.38,25.01,27.17,38.91,34.83,22.27,29.39,32.98,25.26,34.04
139,30.48,25.05,18.87,35.76,30.68,28.92,28.38,31.1,25.23,27.58,39.78,36.16,21.97,32.17,32.7,25.35,34.01
140,30.47,24.07,18.85,34.81,31.06,28.62,29.87,31.53,25.76,28.2,39.47,34.75,22.01,33.43,29.08,25.02,30.01
141,31.82,25.59,18.1,35.66,31.34,28.31,28.91,32.59,25.37,27.51,39.98,34.91,22.17,31.17,25.67,25.04,30.07
142,30.3,25.02,18.65,34.38,31.76,28.34,29.03,32.43,25.15,27.47,40.09,35.82,21.75,28.52,26.17,25.43,30.07
143,31.22,25.92,18.46,35.71,30.67,26.34,27.76,31.66,25.79,28.22,39.61,34.93,21.76,27.52,29.7,25.33,30.08
144,32.41,24.6,18.69,35.89,31.35,29.87,29.99,31.58,25.1,28.47,39.63,34.68,21.92,29.04,32.86,25.44,30.05
145,30.4,25.07,18.02,36.74,32.03,27.34,28.76,31.56,25.11,28.38,39.81,34.81,21.76,31.66,32.7,25.29,30.02
146,32.09,24.53,18.59,36.62,31.22,26.55,28.47,31.08,25.31,28.02,40.33,35.96,21.55,33.2,29.79,25.24,30.03
147,30.49,25.54,18.82,36.35,31.72,26.52,28.11,31.51,25.44,27.7,40.28,34.89,21.5,32.26,26.24,25.41,30.08
148,30.13,25.47,18.21,36.33,30.54,28.35,27.81,31.35,25.07,27.78,40,36.01,21.26,29.39,25.69,25.44,30.08
149,31.49,25.45,18.37,35.75,31.33,26.94,27.87,31.05,25.83,26.59,40.73,36.9,21.28,27.33,28.45,25.4,30.01
150,30.68,25.78,18.33,34.77,30.79,28.6,27.67,31.51,25.94,26.63,40.36,35.85,21.29,28,32.6,25.17,34.05
151,31.42,24.3,18.86,34.53,32.15,29,29.09,31.87,25.05,27.7,40.28,35.84,21.01,31.08,33.13,25.03,34.02
152,32.43,24.24,18.77,35.03,31.57,28.76,29.14,32.16,25.02,26.99,40.91,35.82,20.86,32.86,30.79,25.53,34.1
153,32.97,24.81,18.61,36.54,30.92,28.82,28.09,31.09,25.14,28.23,40.7,36.99,20.76,32.89,27.37,25.67,34.01
154,30.34,25.75,18.25,35.93,30.84,27.85,29.86,31.97,25.53,26.73,40.77,35.68,20.97,30.39,25.55,25.42,34
155,30.14,24.68,18.01,34.46,31.34,27.4,27.38,32.04,25.34,27.12,41.1,35.51,20.95,27.84,27.38,25.24,34
156,32.65,25.6,18.41,34.45,30.88,27.46,30.05,32.46,25.74,26.83,41.21,36.99,20.56,27.68,31.08,25.6,34.03
157,31.89,25.72,18.19,35.94,31.15,27.07,28.12,32.28,25.58,28.49,41.5,37.24,20.52,29.91,33.78,25.56,34.09
158,30.13,25.44,18.15,34.51,30.55,27.87,27.8,32.03,25.82,27.05,41.48,35.79,20.67,32.66,32.06,25.16,34
159,32.44,24.45,18.57,35.43,30.81,29.57,29.97,32.58,25.75,26.82,41.4,37.41,20.38,33.29,28.1,25.01,34.09
160,31.16,25.47,18.62,35.86,30.55,26.27,29.65,31.12,25.63,27.65,41.45,37.03,20.58,31.22,25.91,25.28,30.04
161,30.45,25.21,18.57,35.14,31.12,28.28,29.05,32.71,25.47,27.57,41.58,35.78,20.25,28.08,26.85,25.19,30.01
162,32.62,24.19,18.61,35.75,31.49,28.37,27.71,32.58,25.57,27.62,42.07,35.78,20.4,27.22,30.36,25.16,30.04
163,30.69,25,18.53,36.23,30.76,29.14,27.37,32.86,25.72,27.61,41.32,36.37,20.44,29.12,33.38,25.68,30
164,32.49,25.1,18.93,34.22,31.44,29.48,29.86,32.08,25.38,28.02,42.22,36.4,20.02,31.9,32.33,25.63,30.07
165,31.08,24.57,18.24,36.58,31.17,27.91,28.05,31.98,25.49,26.68,42.5,36.62,20.18,33.36,29.12,25.19,30.07
166,30.27,24.63,18.7,34.04,30.56,28.16,28.57,32.49,25.53,28.4,41.69,37.26,19.84,31.63,25.54,25.21,30.07
167,32.09,25.87,18.47,36.28,31.3,26.01,30.06,32.42,25.1,27.96,42.55,37.6,19.66,29.11,26.32,25.67,30.07
168,32.2,25.67,18.56,35.25,30.92,26.86,30.1,32.49,25.75,27.6,41.87,36.42,19.79,27.21,29.12,25.45,30.08
169,30.24,24.9,18.55,34.27,32.09,29.01,29.26,32.18,25.54,27.54,42.86,37.33,19.89,28.25,32.75,25.24,30.05
170,30.33,25.49,18.48,34.34,30.91,29.08,29.54,32.82,25.77,26.57,42.75,37.88,19.54,31.13,33.07,25.66,34.02
171,32.47,25.94,18.22,34.54,31.57,29.47,29.14,31.91,25.05,27.26,42.11,37.73,19.4,33.07,30.68,25.41,34.04
172,31.69,24.34,18.14,35.27,31.6,26.91,28.29,32.43,25.99,28.11,42.82,37.39,19.34,32.15,26.38,25.02,34.01
173,30.8,24.39,18.82,35.08,31.54,28.46,28.38,32.47,25.02,27.51,43.03,37.19,19.18,29.84,25.83,25.28,34.03
174,30.02,25.08,18.38,34.78,31.26,26.5,28.78,32.79,25.85,27.26,42.5,37.19,19.3,27.68,27.62,25.29,34
175,32.26,24.26,18.01,35.72,31.43,28.11,29.56,32.25,25.71,27.28,42.66,37.16,19.04,27.84,32.13,25.7,34
176,30.81,24.97,18.37,36.33,31.83,27.54,27.41,31.64,25.85,27.52,42.97,37.51,18.94,30.66,33.39,25.68,34.02
177,32.25,24.74,18.82,34.68,31.99,26.71,29.99,32.71,25.01,27.52,43.15,38.47,19.01,32.82,31.41,25.19,34.06
178,30.65,25.58,18.82,34.95,30.77,26.92,27.84,32.34,25.39,27.18,42.83,36.97,19.13,33.03,27.11,25.52,34.01
179,32.92,24.14,18.62,35.67,31.82,27.22,28.33,31.33,25.17,27.2,43.44,37.31,18.84,30.33,25.49,25.07,34.06
180,32.52,24.19,18.49,36.7,30.8,28.17,28.42,32.64,25.79,28.1,43.88,37.83,18.65,27.86,27.18,25.31,30.02
181,31.58,25.69,18.61,36.03,30.71,27.17,30.23,32.97,25.97,28.22,43.35,37.92,18.66,27.25,30.72,25.62,30.05
182,31.64,24.56,18.3,35.36,30.51,28.82,28.99,32.57,25.92,26.54,43.34,37.03,18.89,29.46,33.58,25.16,30.08
183,32.33,24.19,18.25,34.98,32.16,27.01,29.2,31.78,25.13,28.34,43.37,37.92,18.78,32.37,32.09,25.2,30.06
184,32.78,24.67,18.29,35.59,30.74,27.76,28.13,31.82,25.59,27.59,43.58,38.29,18.33,33.22,28.72,25.21,30
185,31.68,24.23,18.21,36,30.54,28.91,29.42,31.84,26,28.39,43.6,38.72,18.22,31.24,26.01,25.11,30.04
186,30.04,24.02,18.77,36.83,31.75,28.86,30.11,32.54,25.04,26.8,44.46,37.41,18.61,28.48,26.17,25.58,30.1
187,31.69,25.16,18.78,36.52,30.56,28.15,28.81,32.49,25,27.54,44.37,37.49,18.42,27.21,29.79,25.4,30.09
188,30.53,25.27,18.08,34.51,31.56,29.22,27.42,32.26,25.93,26.58,44.56,38.06,18.12,28.69,33.19,25.49,30.05
189,31.64,24.56,18.7,34.85,32.07,27.14,28.69,32.02,25.87,27.32,44.48,37.35,18.01,31.94,32.7,25.25,30.01
190,32.52,24.78,18.04,35.15,30.53,26.12,28.45,31.04,25.86,28.26,44.02,38.1,17.92,33.28,29.93,25.25,34.02
191,30.83,25.15,18.57,35.79,30.94,26.84,29.99,31.09,25.99,27.17,44.88,37.66,18.06,32.33,25.79,25.26,34.05
192,32.97,25.26,18.45,35.89,30.56,28.15,29.28,32.67,25.96,27.14,44.28,39.09,17.72,29.28,26.1,25.63,34.02
193,31.65,25.89,18.07,36.84,31.6,27.59,30.17,32.69,25.27,27.69,44.34,37.83,17.9,27.12,28.32,25.1,34.09
194,31.59,24.86,18.55,35.14,30.5,26.76,27.67,32.32,25.77,26.82,45.22,39,17.62,28.47,32.28,25.49,34.08
195,32.35,24.85,18.06,36.54,31.78,28.63,27.57,32.59,25.5,28.12,44.55,38.54,17.42,30.68,33.11,25.14,34.03
196,32.66,25.69,18.48,34.69,30.5,28.73,27.95,31.07,25.02,26.78,45.06,38.46,17.64,33.27,31.03,25.12,34.04
197,32.34,24.99,18.15,34.34,31.6,28.58,28.07,31.99,25.45,27.72,45.63,39.06,17.3,32.47,26.76,25.69,34.01
198,30.38,24.81,18.42,35.3,31.89,28.04,29.32,31.84,25.24,28.13,45.18,38.7,17.54,29.8,25.14,25.15,34.01
199,32.34,25.87,18.14,36.31,30.93,26.06,29.23,32.44,25.81,28.08,44.91,38.27,17.55,27.48,27.27,25.52,34.04
200,32.39,24.24,18.05,34.05,30.72,29.32,29.34,31.54,25.64,27.57,45.21,39.97,17.37,27.61,31.11,25.39,30.06
201,31.49,25.13,18.92,36.13,31.23,29.16,28.5,31.15,25.17,26.95,45.38,38.31,16.99,30.06,33.76,25.54,30.04
202,31.17,24.72,18.34,34.68,32.11,28.46,29.79,32.96,25.1,28.08,46.04,38.77,17.23,32.75,32.06,25.15,30.07
203,32.16,24.97,18.38,35.53,31.02,26.63,27.3,31.11,25.65,27.22,46.26,39.29,16.85,33.07,28.27,25.12,30.09
204,32.56,25.47,18.94,36.16,32.13,26.65,28.82,31.31,25.07,26.97,46.26,38.61,16.82,31.13,25.29,25.02,30.06
205,31.17,25.26,18.65,34.07,31.81,28.07,29.28,31.03,25.79,26.74,46.15,38.47,17.03,28.28,26.2,25.12,30.04
206,32.66,25.67,18.66,34.72,30.93,27.8,27.92,32.24,25,28.43,45.91,38.55,16.57,27.66,30.53,25.46,30.08
207,32.1,25.71,18.22,35.48,30.71,29.11,28.89,31.53,25.01,26.8,46.55,38.6,16.66,29.56,33.38,25.17,30
208,30.1,25.34,18.63,34.06,31.52,26.15,29.47,31.68,25.92,26.86,46.49,39.5,16.53,32.15,32.66,25.14,30.06
209,31.24,24.43,18.47,35.21,30.86,27.34,29.42,31.42,25.9,28.02,46.85,39.57,16.56,33.22,29.03,25.25,30.02
210,31.96,24.43,18.74,34.44,30.74,28.64,28.77,31.18,25.09,26.94,46.54,40.12,16.46,31.42,26.2,25.31,34.07
211,32.24,24.4,18.03,34.6,30.73,28.94,27.32,31.94,25.3,28.24,46.3,40.63,16.46,28.64,26.37,25.45,34.01
212,32.44,24.85,18.83,34.9,30.94,27.06,27.9,31.7,25.44,26.96,47,40.55,16.32,27.01,28.9,25.2,34.05
213,31.34,24.71,18.19,34.41,31.34,26.42,28.77,31.04,25.14,26.89,46.49,39.86,16.27,28.84,32.78,25.35,34.02
214,30.1,24.63,18.88,34.51,31.12,26.38,28.01,31.81,25.61,28.3,46.77,39,16.38,31.48,33.11,25.5,34
215,32.88,24.84,18.63,36.67,31.67,27.2,28.39,32.77,25.36,27.28,47.49,39.98,16.1,32.96,29.93,25.53,34.02
216,30.65,24.82,18.51,34.18,30.54,27.47,29.21,32.22,25.85,28.01,47.35,39.93,15.87,32.67,26.56,25.67,34.07
217,31.75,25.71,18.37,34.41,30.91,27.99,27.45,32.35,25.64,27.02,46.92,39.19,15.72,29.54,25.16,25.09,34.08
218,31.54,25.64,18.03,36.62,31.06,28.29,28.68,31.98,25.76,28.29,47.27,40.78,15.98,27.27,28.42,25.06,34.09
219,31.59,25.2,18.12,35.7,31.13,29.24,28.11,32.62,25.45,27.82,47,39.82,15.7,27.8,32.27,25.12,34.07
220,30.12,24.73,18.88,34.52,32.03,29.69,29.35,32.89,25.29,27.95,47.87,39.39,15.63,30.36,33.58,25.28,30.01
221,32.03,25.08,18.11,36.24,30.91,26.47,29.6,31.4,25.28,28.16,47.7,39.78,15.6,32.87,31.66,25.69,30.09
222,31.79,25.14,18.49,35.55,31.69,29.81,27.75,32.84,25.49,26.64,47.45,41.05,15.48,32.63,27.24,25.17,30.06
223,32.92,24.55,18.84,35.29,31.75,26.25,30.16,32.88,25.59,27.26,47.8,40.4,15.41,30.58,25.62,25.07,30.02
224,31.22,25.07,18.94,35.38,30.56,29.64,29.87,31.48,25.21,28.07,48.27,39.77,15.47,27.93,27.32,25.68,30.08
225,30.45,24.74,18.58,36.19,30.65,29.06,28.82,31.1,25.77,28.14,48.42,40.97,15.46,27.28,31.22,25.41,30.02
226,32.03,24.18,18.71,34.56,30.73,29.75,28.03,32.59,25.06,26.9,48.21,40.52,15.04,29.87,33.31,25.36,30.04
227,30.49,24.43,18.51,36.43,30.71,26.13,29.36,32.12,25.56,28.03,48.05,40.55,15.33,32.54,32.41,25.11,30.09
228,31.9,24.67,18.17,36.23,31.09,29.01,28.69,32.74,25.14,27,48.78,40.26,15.23,32.93,28.47,25.38,30.03
229,32.15,24.97,18.86,36.41,31.71,26.5,29.86,32.63,25.93,27.18,48.18,40.18,14.91,31.36,25.83,25.51,30.09
230,31.98,25.84,18.85,36.56,32.13,28.39,27.63,32.11,25.21,26.6,48.47,40.06,14.92,28.23,26.24,25.39,34.05
231,30.73,25.8,18.85,34.55,31.14,29.9,29.4,32.39,25.44,27.77,48.25,41.82,14.64,27.02,29.9,25.29,34.05
232,30.44,24.62,18.53,35.33,31.81,26.8,27.79,31.86,25.53,27.41,48.52,41.39,14.87,28.77,33.08,25.52,34.1
233,30.06,24.84,18.7,36.36,31.53,26.69,28.25,31.43,25.85,26.79,48.41,40.79,14.75,31.97,33.21,25.59,34.07
234,31.65,25.99,18.62,36.3,31.07,28.36,29.33,31.62,25.78,28.01,48.57,40.57,14.65,33.24,29.63,25.69,34.02
235,32.11,24.78,18.86,34.76,31.77,28.16,28.34,31.32,25.92,28.47,49.37,40.18,14.42,32.03,25.78,25.25,34.08
236,30.04,24.98,18.25,36.22,31.03,29.11,27.72,31.38,25.22,27.36,49.42,40.35,14.24,29.28,25.61,25.6,34.03
237,30.65,25.42,18.24,36.17,30.97,29.3,28.46,31.29,25.43,27.95,49.16,41.5,14.13,27.13,29.06,25.19,34.01
238,30.19,24.87,18.76,35.44,30.7,29.88,29.78,32.4,25.97,27.89,49.34,41.47,14.4,28.29,31.93,25.09,34.07
239,30.23,25.27,18.46,36.35,31.11,26.22,27.61,31.08,25.08,27.55,49.65,42.02,14.17,31.07,33.03,25.55,34.03
240,31.01,25.26,18.82,36.28,32.15,26.65,28.97,31.4,25.29,28.35,49.29,41.39,14.11,33.28,30.88,25.55,30.01
241,30.49,25.8,18.52,35.95,31.39,26.31,28.54,32.77,25.17,26.58,49.84,41.37,13.86,32.94,26.85,25.1,30.09
242,31.22,25.84,18.94,35.28,30.57,27.61,29.65,31.48,25.45,27.54,49.21,41.4,14.11,29.86,25.36,25.2,30.07
243,30.48,25.18,18.47,35.1,31.4,27.98,27.37,32.79,25.44,27.88,50.25,40.78,13.93,27.64,28.02,25.38,30.05
244,32.99,24.5,18.41,34.67,32.18,26.53,29.85,32.2,25.38,27.5,49.64,41.69,13.87,27.89,31.07,25.42,30.08
245,31.99,24.9,18.78,36.73,31.28,27.36,28.35,31.23,25.61,27.36,49.65,42.35,13.45,30.13,33.21,25.66,30.09
246,31.76,25.52,18.24,34.64,32.02,27.13,29.68,31.58,25.35,27.8,49.96,42.33,13.33,32.64,32.05,25.01,30.09
247,31.62,25.23,18.9,36.99,31.34,26.07,28.25,31.65,25.01,27.51,50.27,41.32,13.53,33.04,28.35,25.03,30.08
248,32.12,24.08,18.47,35.96,31.87,26.74,30,31.66,25.5,27.82,50.08,42.25,13.27,30.9,25.67,25.02,30.06
249,30.5,24.94,18.7,34.46,31.57,26.02,29.58,31.47,25.28,27.19,50.32,41.4,13.27,28.05,26.54,25.52,30.02
250,32.53,25.7,18.67,35.28,30.62,26.38,29.39,32.7,25.56,27.15,50.33,41.73,13.32,27.45,30.67,25.07,34.05
251,30.39,24.57,18.2,36.35,31.03,26.43,28.94,32.72,25.75,27.75,50.35,41.74,13.37,29.19,33.28,25.2,34.09
252,32.77,24.9,18.07,36.65,32.11,26.38,27.85,32.65,25.74,27.47,50.49,41.49,12.98,32.05,32.51,25.31,34.02
253,32.19,24.41,18.13,36.39,31.29,29.05,28.92,32.52,25.13,27.18,50.37,42.02,12.89,33.01,29.41,25.64,34.01
254,31.92,25.95,18.36,35.86,31.03,29.95,28.33,32.68,25.74,27.23,51.08,42.29,12.72,31.61,25.69,25.6,34.06
255,30.07,24.8,18.69,34.14,31.47,29.68,30.19,31.09,25.14,28.31,51.06,42.84,12.89,29.08,26.17,25.58,34.02
256,30.02,25.74,18.66,34.5,31.84,27.05,30.11,31.65,25.15,27.81,51.11,41.62,12.97,27.3,29.55,25.7,34.1
257,32.59,24.52,18.03,36.67,31.97,27.18,29.79,31.17,25.16,27.4,51.08,42.37,12.88,28.53,32.35,25.09,34.07
258,32.47,25.64,18.91,34.27,30.56,27.36,30.28,31.26,25.64,26.98,51.58,42.62,12.72,31.54,32.92,25.67,34.05
259,31.39,25.59,18.03,34.02,31.93,26.44,28.89,31.98,25.2,28.35,51.69,42.78,12.76,33.05,30.17,25.51,34.08
260,30.23,25.43,18.85,34.25,31.37,29.56,29.67,31.02,25.46,28.12,51.96,41.78,12.25,32.47,26.82,25.21,30.05
261,32.36,24.51,18.77,34.81,31.84,28.68,29.64,32.6,25.72,27.07,51.99,43.41,12.28,29.81,25.82,25.01,30.05
262,31.77,24.56,18.59,35,30.9,26.45,28.9,31.71,25.13,28.01,51.81,43.49,12.53,27.37,28.29,25.08,30.09
263,32.61,25.61,18.65,35.99,30.97,26.37,29.17,31.67,25.42,28.18,51.93,43.3,12.41,27.88,31.75,25.46,30.03
264,30.04,24.83,18.91,36.64,31.26,29.56,29.48,32.12,25.66,26.94,52.19,42.83,12.09,30.41,33.64,25.3,30.06
265,31.92,25.12,18.09,35.4,31.09,29.65,28.32,32.85,25.09,27.46,52.18,42.04,11.82,32.7,31.25,25.43,30.06
266,30.62,25.15,18.62,36.62,31.92,29.22,28.17,32.16,25.87,27.9,52.53,43.41,11.73,32.8,27.44,25.45,30.01
267,30.06,24.8,18.27,35.43,30.53,27.57,29.89,32.28,25.62,28.02,51.84,42.71,11.89,30.37,25.76,25.69,30.07
268,31.84,25.97,18.85,34.92,31.56,27.83,27.73,31.42,25.21,27.51,51.84,43.89,11.9,27.67,26.87,25.15,30.09
269,31.96,24.4,18.3,35.54,30.89,27.92,28.92,32.56,25.33,28.03,52.21,42.77,11.57,27.83,31.06,25.03,30.06
270,32.03,25.27,18.82,36.62,32.07,26.83,27.46,31.24,25.02,27.1,52.42,42.67,11.67,29.61,33.08,25.57,34.06
271,30.09,24.85,18.19,35.77,31.54,28.96,29.32,32.13,25.14,27.65,52.64,43.95,11.72,32.57,32.28,25.05,34.03
272,30.68,25.31,18.13,36.67,32.19,28.45,28.41,32.43,25.31,28.13,52.85,44.31,11.48,32.95,28.62,25.01,34.04
273,30.45,24.89,18.59,35.43,31.83,28.31,28.95,31.73,25.44,28.34,52.41,43.6,11.36,31.23,25.9,25.6,34.01
274,31.56,25.68,18.45,35.86,30.8,29.93,29.98,31.65,25.5,27.17,52.75,42.72,11.09,28.64,26.39,25.25,34
275,30.98,25.55,18.28,34.96,32.02,26.54,27.76,32.43,25.75,27.34,52.59,42.69,11.07,27.33,29.72,25.24,34.1
276,30,24.26,18.48,35.13,32,27.66,29.21,31.98,25.34,27.39,53.05,44.01,11.01,29.1,33.45,25.48,34.07
277,32.74,25.29,18.34,36.12,31.08,28.47,27.92,32.62,25.23,26.56,52.85,42.77,11,31.66,32.55,25.7,34.06
278,30.69,25.97,18.31,36.05,31.51,28.5,28.4,32.54,25.29,27.91,53.53,43.36,11.11,33.09,29.22,25.51,34.05
279,31.82,24.27,18.37,36.53,32.02,26.58,27.33,32.54,25.52,27.52,53.54,44.07,10.72,32.13,26.14,25.56,34.04
280,32.71,24.57,18.13,36.89,31.03,28.73,27.85,32.56,25.88,26.88,53.62,44.78,10.78,28.84,25.42,25.37,30.05
281,31.71,24.26,18.06,36.49,31.65,26.91,27.33,31.45,25.53,28.43,53.6,43.08,10.96,27.06,28.75,25.52,30.08
282,31.23,25.35,18.88,34.81,31.88,28.25,27.61,32.8,25.59,27.14,53.97,43.76,10.71,28.55,32.07,25.11,30.04
283,32.76,24.33,18.67,34.77,31.21,26.56,29.03,31.45,25.9,26.75,53.31,44.01,10.56,30.82,33.71,25.12,30
284,31.43,25.44,18.66,34.94,32.02,26.38,28.2,31.67,25.32,28.18,53.75,43.36,10.36,32.98,31.1,25.18,30.08
285,31.39,24.03,18.99,34.58,30.65,28.78,29.83,32.16,25.38,27.71,54.14,43.34,10.63,32.9,26.79,25.64,30.05
286,31.79,25.72,18.13,35.24,30.79,28.71,28.59,31.9,25.66,28.43,54.14,45.11,10.53,29.79,25.89,25.59,30.07
287,32.1,25.7,18.13,34.78,32.12,28.22,27.88,31.88,25.7,27.62,54.19,43.98,10.5,27.38,28.09,25.22,30.07
288,31.04,24.48,18.17,36.5,30.95,27.29,29.97,31.29,25.02,28.25,54.34,44.89,10.28,27.73,31.88,25.39,30.07
289,32.19,24.67,18.95,35.81,30.84,28.3,29.6,32.32,25.21,27.09,54.52,44.67,10.12,30.5,33.39,25.54,30.06
290,30.84,24.25,18.62,34.76,31.36,28.44,27.67,31.84,25.87,27.88,54.63,44.53,9.87,33,31.94,25.18,34.1
291,32.79,25.24,18.46,34.38,31.84,27.72,27.86,32.48,25.95,27.42,54.33,43.52,9.95,33.33,28.14,25.46,34.04
292,32.43,25.1,18.25,34.58,31.53,29.01,29.08,31.68,25.24,27.94,54.32,43.69,9.94,30.57,25.76,25.46,34.07
293,32.76,25.3,18.35,34.66,30.69,27.48,29.15,31.11,25.26,28.15,54.46,44.99,9.93,27.97,26.41,25,34.09
294,32.33,25.02,18.96,35.55,31.53,27.04,29.62,31.87,25.73,27.5,54.84,44.84,9.85,27.6,30.31,25.19,34.04
295,31.6,25.7,18.19,36.7,31.03,29.18,27.44,31.66,25.86,27.36,54.91,45.08,9.61,29.43,33.1,25.46,34.07
296,32.01,24.26,18.06,35.09,31.47,28.63,27.36,32.79,25.64,27.83,55.48,44.55,9.51,32.26,32.96,25.24,34.08
297,30.54,25.05,18.51,35.42,31.09,27.03,29.64,31.93,25.73,26.68,55.62,45.55,9.7,33.05,28.76,25.65,34.01
298,30.07,25.7,18.56,35.36,31.85,27.07,29.99,31.63,25.06,27.29,55.66,45.83,9.17,31.49,26.22,25.55,34.03
299,30.22,24.08,18.6,36.68,31.82,29.52,29.52,32.93,25.37,27.68,54.98,44.11,9.21,28.98,26.02,25.06,34.06
300,32.36,24.48,18.07,34.35,31.13,28.14,27.65,32.17,25.77,27.27,55.99,45.33,9.4,27.27,29.78,25.67,30.02
301,31.23,25.96,18.98,36.01,32.02,28.39,28.93,32.32,25.37,26.52,55.6,44.28,9.19,28.62,32.4,25.33,30
302,30.12,25.5,18.3,35.31,32.07,29.05,28.56,32.24,25.72,26.78,55.64,45.46,9.08,31.55,33.47,25.39,30.09
303,30.78,24.48,18.52,36.02,31.62,29.3,27.66,32.9,25.41,26.6,56.05,44.34,9.14,33.07,30.31,25.2,30.03
304,31.28,24.41,18.84,36.28,30.52,29.62,27.84,31.25,25.3,27.3,55.69,45.8,9.03,32.06,26.79,25.35,30.07
305,31.37,24.12,18.78,34.44,31.84,26.17,28.62,31.83,25.51,27.6,56.23,45.64,8.61,29.49,25.8,25.68,30.06
306,32.18,24.4,18.31,34.8,31.19,27.05,27.57,32.48,25.18,28.19,56.01,45.69,8.56,27.24,28.45,25.6,30.04
307,30.45,24.49,18.44,36.51,31.41,28.02,29.55,31.74,25.78,27.83,56.5,44.61,8.77,27.73,31.68,25.39,30.02
308,31.65,24.04,18.27,34.44,30.64,27.18,29.79,31.6,25.98,26.94,56.41,45.67,8.67,30.56,33.72,25.53,30.01
309,32.8,24.74,18.36,35.66,32.12,26.29,28.54,32.83,25.83,28.4,56.67,45.93,8.61,33.27,30.89,25.28,30.07
310,30.93,25.34,18.31,35.48,31.51,29.4,29.13,32.62,25.74,27.22,56.09,45.52,8.38,32.75,27.4,25.46,34.08
311,31.81,24.98,18.16,36.77,31.4,27.38,30.04,32.56,25.69,28.49,56.19,45.7,8.26,30.32,25.24,25.18,34.1
312,32.02,25.21,18.13,35.64,31.41,27.14,28.41,31.72,25.13,27.47,57.04,45.35,8.06,27.54,27.05,25.55,34.09
313,30.59,24.28,18.26,36.61,31.46,26.88,28.19,32.82,25.64,28.18,56.35,45.26,8.35,27.25,31.15,25.24,34.08
314,30.39,24.61,18.14,34.75,31.51,29.43,28.01,31.34,25.37,26.53,56.99,45.32,7.96,29.76,33.11,25.47,34.08
315,30.76,24.74,18.99,36.77,30.7,26.09,27.97,31.35,25.34,28.45,56.78,45.3,8.03,32.47,32.11,25.26,34.07
316,31.04,25.78,18.79,36.93,31.12,27.27,29.03,31.52,25.34,27.62,56.83,46.46,8.12,33.41,28.53,25.23,34.05
317,32.99,25.14,18.11,36.45,30.85,29.55,29.38,31.23,25.73,27,57.46,45.46,7.66,31.09,25.3,25.09,34.01
318,30.22,24.46,18.82,34.68,30.88,27.98,30.06,32.25,25.37,28.42,57.53,45.51,7.66,28.61,26.59,25.55,34
319,31.63,25.7,18.19,34.43,30.6,28.02,29.74,31.21,25.35,27.58,57.46,46.59,7.67,27.06,30.15,25.57,34
320,30.4,24.26,18.13,34.27,30.71,26.85,28.94,31.44,25.34,27.37,57.73,45.83,7.86,28.96,32.72,25.11,30.01
321,31.71,24.75,18.3,34.82,31.6,27,29.38,32.05,25.46,26.55,57.33,45.32,7.71,32.03,33.07,25.59,30.08
322,31.29,25.21,18.16,35.33,32.06,26.17,28.79,32.13,25.39,27.44,57.43,47.08,7.51,33.6,29.61,25.01,30.01
323,32.34,25.92,18.17,36.18,32.01,27.7,28.08,32.85,25.13,27.04,57.56,45.6,7.4,32.12,26.33,25.15,30.05
324,32.21,25.11,18.52,34.69,31.93,26.05,28.42,32.9,25.12,27.83,57.5,45.68,7.09,29,26.24,25.64,30.08
325,30.4,24.31,18.89,35.61,31.02,28.6,28.95,31.44,25.47,27.21,57.65,47.1,7.05,27.61,29.2,25.53,30.06
326,31.46,25.3,18.51,36.78,31.39,28.88,27.41,32.04,25.72,27.94,57.68,45.62,7.22,28.4,32.11,25.65,30.06
327,31.94,25.37,18.4,36.16,32.11,29.76,27.46,31.21,25.79,27.71,57.98,47.07,7.25,31.23,33.26,25.16,30.02
328,32.07,24.68,18.55,36.55,31.96,29.01,27.58,32.15,25.41,27.01,58.69,47.23,6.91,32.88,30.46,25.43,30.02
329,30.53,24.31,18.81,35.64,31.23,26.24,28.72,32.08,25.17,27.4,58.47,46.18,6.77,32.51,26.68,25.53,30.08
330,31.48,25.46,18.52,36.14,31.32,29.49,28.25,32.57,25.3,27.57,58.13,46.75,7.08,30.09,25.2,25.22,34.07
331,30.93,24.26,18.53,34.46,31.74,27.04,29.45,31.55,25.39,27.13,58.38,47.65,6.75,27.51,27.88,25.51,34.01
332,32.86,24.66,18.6,36.06,31.47,29.06,28.52,31.06,25.72,27.55,58.84,47.1,6.69,27.73,31.83,25.22,34.09
333,32.54,24.69,18.06,36.66,30.84,29.63,28.15,31.08,25.7,27.03,58.85,47.43,6.46,30.12,33.65,25.04,34.07
334,32.46,24.4,18.8,35.67,32.06,26.68,28.84,31.87,25.05,28.43,58.44,46.83,6.73,32.68,31.29,25.11,34.09
335,31.68,24.57,18.55,34.43,31.11,26.54,27.34,31.86,25.03,27.37,59.41,47.66,6.31,33.07,27.61,25.39,34.02
336,31.73,24.01,18.42,35.93,32.04,26.27,29.67,32.26,25.31,27.18,59.11,47.44,6.2,31.01,25.52,25.32,34.09
337,31.73,25.08,18.28,34.6,31.27,28.19,28.26,32.23,25.46,28.26,59.45,48.14,6.06,28.08,26.37,25.25,34.09
338,30.06,25.91,18.41,36.2,31.83,26.85,30.09,32.81,25.06,28.05,59.74,48.22,6.19,27.52,30.35,25.43,34.01
339,32,25.4,18.41,36.28,31.18,27.85,27.58,31.24,25.69,28.36,59.22,47.66,6.31,29.27,33.14,25.25,34.05
340,30.22,25.24,18.21,35.24,31.1,28.99,30.02,32.28,25.71,26.51,59.9,46.67,6.17,32.08,32.29,25.63,30.09
341,32.54,24.21,18.4,34.63,31.04,28.46,30.04,32.4,25.94,27.09,59.4,46.74,5.93,33.4,28.98,25.08,30.03
342,30.54,24.61,18.97,36.55,30.59,29.94,28.74,32.57,25.05,27.53,59.53,47.01,5.78,31.36,25.79,25.59,30.02
343,31.62,25.03,18.65,34.15,31.39,28.31,27.44,31.79,25.86,27.01,59.5,46.99,5.73,28.64,25.75,25.09,30.08
344,31.54,25.08,18.31,36.45,31.61,26.73,29.03,31.04,25.3,26.54,59.66,47.19,5.54,27.04,29.27,25.27,30.02
345,30.52,24.5,18.42,34.58,32.12,28.86,28.75,31.32,25.76,28.42,60.31,47.88,5.57,28.9,32.97,25.48,30.03
346,30.32,25.63,18.43,36.54,30.69,27.6,28.32,31.5,25.3,28.09,59.94,47.03,5.8,31.74,32.73,25.18,30.08
347,30.66,24.56,18.69,36.83,31.3,28.16,29.6,31.04,25.65,26.96,59.7,48.56,5.4,33.2,30.36,25.66,30.04
348,30.95,25.2,18.63,36.57,32.15,28.67,29.03,32.68,25.82,28.37,60.19,48.06,5.66,32.52,25.99,25.26,30.03
349,32.5,25.78,18.25,36.1,31.39,27.27,28.8,32.36,25.67,26.74,59.95,46.96,5.25,29.42,25.26,25.4,30.01
350,30.37,24.98,18.67,35.97,30.78,26.59,28.96,32.38,25.06,27.38,60.6,48.77,5.16,27.68,28.54,25.63,34.02
351,30.51,25.85,18.36,36.78,31.76,29.28,27.46,32.43,25.18,28.43,60.52,47.41,4.92,27.74,31.65,25.05,34.06
352,32.71,24.12,18.87,34.77,31.21,28.37,27.47,32.29,25.09,27.02,60.29,48.21,5.06,30.69,33.78,25.07,34.06
353,30.5,24.79,18.57,35.31,30.74,28.39,28.42,32.06,25.52,27.78,60.97,48.53,4.77,32.8,31.07,25.51,34.03
354,32.32,25.79,18.11,35.93,30.81,29.63,28.97,31.74,25.17,26.78,61.1,48.88,5.04,32.92,27.01,25.27,34.04
355,30.52,24.16,18.84,36.48,31.53,26.78,28.65,32.74,25.69,27.03,61.23,48.18,4.7,30.08,25.61,25.31,34.03
356,30.3,25.35,18.08,36.84,31.95,29.41,28.41,32.98,25.31,26.5,60.82,47.55,4.91,27.97,27.58,25.38,34.05
357,30.57,25.5,18.83,34.74,31.29,26.82,28.72,32.68,25.7,26.81,61.23,47.91,4.89,27.46,30.88,25.61,34.03
358,30.74,25.13,18.33,36.23,32.05,26.4,29.39,32.1,25.9,27.06,60.89,49.14,4.65,29.7,33.21,25.56,34.07
359,30.7,25.61,18.86,34.38,31.72,29.72,29.29,32.16,25.45,26.93,61.24,49.15,4.49,32.61,31.87,25.05,34.03
360,30.49,24.77,18.56,36.37,31.91,29.56,29.39,32.29,25.14,27.77,61.74,48.99,4.61,33.07,28.15,25.15,30.04
361,32.8,25.74,18.67,34.16,30.6,27.82,28.48,32.55,25.97,28.02,62.09,47.68,4.55,30.95,25.63,25.21,30
362,32.48,25.85,18.67,34.45,32.07,26.61,28.06,31.12,25.42,27.62,61.83,48.3,4.09,28.39,26.74,25.11,30.03
363,32.49,25.02,18.27,34.43,31.41,27.26,28.75,31.89,25.53,27.16,61.56,49.37,4.27,27.31,30.05,25.09,30.06
364,31.16,24.26,18.21,36.58,30.62,29.41,28.9,31.99,25.13,28.17,61.41,48.83,3.98,29.15,32.84,25.21,30.05
365,31.32,25.04,18.25,36.11,30.91,29.27,27.61,32.06,25.7,27.52,61.84,49.89,3.99,32.15,32.88,25.22,30.01
366,30.44,25.89,18.83,36.16,31.88,26.51,30.16,32.48,25.45,27.44,62.26,49.9,4.08,33.25,29.6,25.04,30.09
367,30.81,25.04,18.41,36.29,30.96,28.66,27.59,31.36,25.75,27.64,61.95,49.09,4.12,32.17,25.78,25.42,30.05
368,30.99,25.76,18.15,34.29,30.75,29.74,29.25,32.91,25.75,27.72,62.09,49.31,4.01,28.91,25.4,25.19,30.01
369,32.49,25.77,18.21,35.23,32.09,29.63,29.03,31.37,25.19,27.07,62.29,49.46,3.68,27.26,29.21,25.59,30.1
370,32.92,25.96,18.07,35.38,31.45,27.06,29.96,31.49,25.32,27.94,62.49,49.02,3.81,28.59,32.81,25.25,34.06
371,30.54,24.61,18.18,36.1,30.6,29.02,28.8,32.57,25.72,27.32,62.78,48.48,3.35,31.15,33.55,25.07,34
372,30.49,24.24,18.41,36.02,31.1,28.04,29.3,32.78,25.04,28.48,62.96,49.78,3.34,32.96,30.98,25.44,34.04
373,32.31,24.19,18.64,34.3,30.7,28.17,28.91,31.62,25.01,26.88,62.81,48.57,3.3,32.28,27.05,25.66,34.08
374,30.13,24.04,18.32,36.08,30.55,27.93,30.08,31.45,25.35,27.87,63.23,49.18,3.11,29.6,25.13,25.58,34.06
375,30.57,24.19,18.97,36.17,31.11,28.02,29.45,32.46,25.05,27.47,63.31,49.07,3.22,27.32,27.59,25.44,34.1
376,30.24,25.84,18.93,35.55,31.75,28.35,27.9,31.57,25.66,27.14,63.55,48.95,3.36,27.88,32.02,25.02,34
377,30.36,24.57,18.32,36.06,31.82,28.59,28.75,31.72,25.97,28,62.98,49.02,3.18,30.15,33.21,25.43,34.03
378,32.71,24.33,18.25,36.73,30.99,26.39,29.84,31.55,25.11,27,63.6,49.23,2.98,33.07,31.9,25.33,34.01
379,31.7,25.98,18.92,36.01,32.11,29.34,30.2,32.58,25.62,26.72,63.44,50.69,2.88,32.78,27.93,25.57,34.09
380,30.2,25.87,18.84,37,30.73,29.84,28.33,31.63,25.15,26.92,63.8,48.97,2.62,30.66,25.27,25.51,30.08
381,30.35,25.07,18.71,35.82,30.51,29.1,30.01,32.99,25.61,27.14,63.88,50.05,2.98,28.2,27.21,25.29,30.07
382,32.09,24.68,18.96,36.27,31.38,28.52,29.49,31.53,25.63,28.41,63.96,49.23,2.78,27.35,30.84,25.69,30.08
383,30.9,25.38,18.17,36.93,31.25,28.42,27.43,31.54,25.17,27.24,63.4,50.58,2.52,29.76,33.55,25.29,30.07
384,30.41,25.99,18.72,36.79,31.7,28.27,27.77,31.19,25.04,26.78,64.21,49.85,2.52,32.21,32.26,25.07,30.07
385,32.8,25.37,18.4,35.94,31.52,27.64,30.16,32.91,25.86,28.46,63.97,49.84,2.23,33.05,28.8,25.39,30.04
386,32.57,24.51,18.69,36.79,31.16,27.26,27.47,31.47,25.44,26.66,64.17,49.89,2.36,31.28,25.63,25.61,30.01
387,31.15,24.21,18.88,36.08,30.98,29.82,28.43,32.07,25.76,27.69,64.46,49.73,2.53,28.52,26.02,25.1,30.01
388,31.07,25.96,18.31,36.57,31.06,26.26,30.09,32.07,25.53,26.81,64.29,50.14,1.99,27.15,29.61,25.45,30.1
389,31.91,25.24,18.42,35.23,30.96,29.55,29.94,31.79,25.74,28.21,64.32,50.75,2.12,28.62,33.09,25.65,30.02
390,31.1,25.9,18.06,36.01,31.69,27.94,29.21,32.94,25.46,27.07,64.28,50.84,1.88,31.36,32.82,25.49,34.1
391,32.55,24.82,18.67,36.95,30.86,27.03,27.38,32.91,25.54,26.85,64.73,51.41,2.07,33.01,30.27,25.55,34.1
392,32.17,25.29,18.29,34.63,30.57,29.39,28.41,32.41,25.27,26.94,65.02,49.72,1.93,32.3,25.98,25.31,34
393,30.95,24.62,18.78,36.24,31.66,27.39,29.45,32.97,25.86,28.25,64.56,50.34,1.86,29.63,25.4,25.49,34.08
394,31.94,24.04,18.81,35.87,31.79,26.52,27.91,31.74,25.58,26.54,64.89,49.78,1.76,27.45,28.32,25.32,34.06
395,31.38,24.68,18.33,34.21,31.97,28.12,30.16,31.54,25.16,26.87,64.85,50.21,1.46,28.17,32.29,25.31,34.1
396,32.63,25.22,18.4,35.08,30.85,28.07,29.55,31.97,25.55,27.36,64.69,50.01,1.45,30.57,33.78,25.21,34.09
397,31.89,25.39,18.52,36.17,31.5,27.3,27.95,31.32,25.3,27.8,65.28,51.3,1.31,32.84,31.01,25.36,34.06
398,31.55,24.33,18.85,35.44,30.89,26.75,29.21,32.31,26,27.98,65.78,50.59,1.17,33.03,26.98,25.05,34.09
399,31.78,24.06,18.52,35.51,32.18,29.62,29.64,32.32,25.44,27.5,65.6,51.67,1.13,30.05,25.68,25.34,34.01
400,30.57,25.98,18.81,36.04,31.57,28.34,28.09,32.59,25.13,28.19,65.94,51.76,1.48,27.5,27.4,25.14,30.03
401,31.43,25.93,18.19,34.57,31.1,28.64,28,31.97,25.04,27.23,65.45,51.53,1.39,27.69,31.2,25.2,30.05
402,30.77,25.14,18.35,36.94,32.03,26.64,28.9,31.85,25.87,27.65,65.7,51.01,1.27,29.83,33.4,25.23,30.07
403,32.31,25.24,18.28,34.75,30.64,27.05,28.11,32.03,25.78,27.52,66.2,51.81,1.17,32.44,32.03,25.1,30.05
404,30.91,25,18.27,34.45,30.53,26.05,29.64,32.79,25.44,27.87,65.63,50.55,1.17,33.14,28.65,25.18,30.08
405,32.72,25.16,18.71,35.5,31.55,26.78,28.7,31.91,25.67,27.7,66.07,51,0.95,31.36,25.37,25.21,30.06
406,32.61,25.7,18.79,36.98,31.76,28.42,29.69,32.82,25.19,27.12,65.86,52.35,0.86,28.36,26.67,25.21,30.03
407,32.2,24.56,18.96,34.87,32.05,26.06,30.04,32.85,25.35,26.62,66.28,51.23,0.93,27.26,29.74,25.14,30.08
408,30.67,25.78,18.22,36.56,32.13,27.88,29.82,31.44,25.26,28.46,66.21,51.39,0.48,29.27,32.94,25.09,30.05
409,31.72,25.41,18.83,36.75,31.09,26.62,28.61,31.93,25.61,26.61,66.09,51.94,0.45,31.81,32.55,25.61,30.02
410,32.38,24.4,18.14,34.96,30.83,27.75,29.56,32.74,25.48,26.96,66.77,51.9,0.44,33.57,29.11,25.44,34.08
411,32.59,25.25,18.08,36.3,31.82,29.73,28.78,32.48,25.14,27.97,66.32,52.57,0.22,31.96,26.28,25.02,34.1
412,31.34,24.4,18.22,35.21,31.09,28.85,30,31.69,25.48,27.54,66.21,52.25,0.48,29.15,26.05,25.07,34.08
413,30.58,24.68,18.6,34.23,32.06,29.32,28.27,31.78,25.3,28.3,66.68,51.73,0.22,27.31,28.53,25.2,34.03
414,31.76,25.94,18.99,36.4,30.71,27.01,29.95,32.76,25.85,27.37,66.81,51.08,0.11,28.67,32.48,25.56,34.09
415,30.53,25.55,18.87,34.06,31.45,26.13,27.72,31.79,25.46,27.13,67.39,51.9,0.11,31.26,33.01,25.55,34.09
416,32.56,25.16,18.49,36.26,31.2,29.7,29.22,32.27,25.92,27.92,66.74,52.23,-0.11,33.29,30.82,25.26,34.09
417,32.53,24.51,18.1,36.38,31.68,27.81,27.93,32.36,25.18,28.34,67.25,52.77,0.03,32.78,26.48,25.35,34.06
418,32.39,25.42,18.91,35.49,30.73,26.64,27.9,32.82,25.31,27.79,66.98,51.68,-0.16,29.93,25.58,25.53,34.05
419,31.09,24.85,18.3,34.71,31.8,29.23,29.65,32.7,25.02,28.08,67.02,52.79,-0.06,27.42,28.02,25.43,34
420,30.66,25.36,18.44,34.52,32.1,29.44,28.33,32.39,26,27.48,67.01,51.37,-0.46,27.62,32.01,25.62,30.1
421,32.1,24.5,18.19,36.99,31.39,28.48,30.25,31.31,25.62,28.43,67.23,52.13,-0.28,30.62,33.26,25.57,30.02
422,30.74,25.85,18.53,35.74,31.6,26.57,29.62,31.24,25.61,27.9,67.9,52.46,-0.39,33,31.66,25.34,30.03
423,32.27,25.84,18.96,35.86,31.81,27.19,28.3,31.42,25.18,26.53,67.48,52.03,-0.38,33.17,27.75,25.2,30.04
424,31.33,25.28,18.3,36.86,31.2,27.47,28.68,32.83,25.31,26.95,68.33,52.15,-0.63,30.7,25.64,25.38,30.06
425,30.01,24.5,18.22,35.66,31.81,29.08,28.73,32.82,25.73,27.5,67.92,52.22,-0.73,28.02,26.79,25.52,30.09
426,32.21,24.46,18.25,34.23,31.76,26.47,29.02,31.96,25.88,27.58,68.32,52.51,-0.83,27.44,30.3,25.08,30.09
427,31.77,25.86,18.39,34.98,32.16,27.44,28.02,32.92,25.43,26.57,68.57,52.32,-1.1,29.79,33.19,25.61,30.03
428,30.31,24.68,18.6,36.73,31.2,28.97,28.33,31.75,25.07,26.99,68.1,53.14,-0.77,32.41,32.34,25.19,30.03
429,30.95,24.72,18.55,36.98,30.58,26.81,30.05,32.81,25.73,27.54,67.93,52.34,-1.02,33.1,28.94,25.12,30.03
430,30.11,25.06,18.5,34.48,31.93,28.12,28.95,31.72,25.61,27.85,68.91,51.97,-1.34,31.36,25.51,25.3,34.09
431,32.03,25.8,18.49,36.38,30.85,27.17,28.57,32.67,25.68,26.72,68.85,52.16,-1.21,28.36,26.47,25.7,34.05
432,31.29,25.25,18.33,34.99,32.02,27.27,29.65,31.56,25.66,27.64,68.59,52.8,-1.44,27.05,29.42,25.13,34.08
433,31.95,25.68,18.42,34.68,31.33,29.17,30.05,32.24,25.8,27.72,68.75,52.74,-1.52,28.87,33.1,25.14,34.03
434,31.41,24.48,18.68,36.67,31.81,29.74,30.17,32.32,25.17,27.75,68.64,52.72,-1.47,31.75,32.84,25.26,34.04
435,32.17,24.89,18.58,36.69,32.14,29.11,29.48,32.28,25.14,26.9,69.02,53.31,-1.46,33.05,29.61,25.17,34
436,31.25,25.36,18.92,34.73,30.67,29.41,27.43,31.27,25.22,28.06,69.56,53.6,-1.62,32.43,26.2,25.25,34.05
437,31.81,24.32,18.18,36.98,32.01,26.25,29.15,32.99,26,27.09,69.25,52.4,-1.95,29.08,25.24,25.62,34.08
438,30.57,25.79,18.31,36.01,32.18,26.68,29.51,32.59,25.78,27.23,69.31,53.47,-2.03,27.11,28.78,25.6,34.02
439,32.18,25.43,18.85,34.51,30.93,26.05,28.41,32.1,25.6,28.32,69.31,53.59,-1.98,27.97,32.03,25.01,34.02
440,32.1,25.75,18.5,35.76,30.72,27.34,28.53,32.6,25.88,27.15,69.97,53.97,-1.92,31.1,33.33,25.18,30.01
441,30.72,25.16,18.9,36.71,31.63,28.68,27.8,32,25.32,27.77,70.05,53.76,-1.91,32.91,31.12,25.46,30.03
442,31.36,24.11,18.75,35.94,31.82,26.78,27.43,31.42,25.41,27.72,69.98,54.51,-2.15,32.6,27.62,25.43,30.07
443,31.21,25.42,18.93,36.46,31.95,28.51,28.44,32.33,25.23,27.67,69.86,53.45,-2.18,30.27,25.15,25.15,30.07
444,31,24.68,18.52,36.92,30.52,29.68,27.83,32.96,25.64,26.73,69.85,53.31,-2.46,28.01,27.44,25.42,30.05
445,30.8,24.9,18.92,35.3,31.21,28.13,28.18,31.38,25.32,28.41,69.55,53.11,-2.27,27.82,31.47,25.24,30.04
446,30.3,25.2,18.01,36.97,31.2,27.01,29.67,31.14,25.2,27.86,70.41,53.34,-2.56,30.26,33.53,25.58,30.07
447,32.43,24.38,18.41,36.12,30.7,27.76,29.51,31.97,25.46,26.52,70.12,53.88,-2.28,32.68,32.08,25.39,30.03
448,31,25.4,18.29,35.47,31.03,28.24,29.09,32.02,25.87,27.43,70.7,53.68,-2.82,33.09,28.17,25.66,30.06
449,30.75,25.78,18.2,36.71,31.58,29.03,28.85,31.86,25.47,28.04,70.81,54.12,-2.66,31.21,25.7,25.14,30.07
450,32.41,24.25,18.69,35.02,31.48,29.8,30.15,32.52,25.02,28.1,70.67,54.89,-2.61,28,26.88,25.26,34.09
451,30.8,25.19,18.27,36.47,31,29.66,27.64,31.42,25.68,27.88,70.28,55.06,-3.07,27.35,30.13,25.1,34.03
452,32.14,24.48,18.54,35.72,31.56,28.94,29.64,31.58,25.05,28.01,71.07,55.11,-2.82,28.86,32.82,25.04,34.07
453,31.2,24.36,18.9,34.39,30.57,29.61,27.57,32.74,25.64,27.33,71.29,54.22,-3.17,32.13,32.4,25.44,34.02
454,30.04,25.89,18.38,34.93,31.75,29.55,29.39,31.85,25.29,28.15,71.1,54.01,-2.95,33.03,29.3,25.07,34
455,32.7,24.53,18.97,35.24,31.05,26.43,29.21,31.34,25.33,28.05,70.61,53.84,-2.96,31.85,25.88,25.17,34.09
456,31.47,25.72,18.94,35.98,30.69,28.15,27.63,32.33,25.32,27,70.84,54.85,-3,28.72,26.13,25.52,34.05
457,32.45,24.57,18.22,35.81,32.12,28.71,30.09,32.98,25.35,27.5,71.37,54.85,-3.49,27.39,29.04,25.33,34.09
458,31.25,24.2,18.12,36.18,32.01,28,28.03,31.61,25.5,27.97,71.61,54.9,-3.3,28.63,32.28,25.34,34.1
459,31.49,25.02,18.07,36.06,32.05,27.52,29.11,32.45,25.03,27.03,71.11,54.01,-3.44,31.17,33.16,25.28,34.05
460,30.12,25.23,18.24,36.93,31.76,27.77,29.19,32.57,25.68,28.09,71.15,53.8,-3.46,33.42,30.11,25.53,30.02
461,30.01,25.33,18.89,36.16,31.21,28.13,27.71,31.31,25.2,28.44,71.78,53.69,-3.73,32.35,26.42,25.07,30.03
462,32.8,25.37,18.49,35.22,30.97,26.79,27.57,31.99,25.1,27.68,71.49,55.45,-3.67,29.79,25.2,25.01,30.04
463,31.84,25,18.21,35.57,31.96,28.51,28.22,32.31,25.64,26.79,71.99,55.7,-4.01,27.53,28.24,25.19,30.03
464,31.68,24.28,18.91,36.34,30.84,28.95,29.51,32.41,25.63,28.38,71.45,55.1,-4.08,28.12,31.89,25.21,30.07
465,30.82,25.97,18.45,36.09,31.76,29.27,28.73,31.3,25.28,27.59,72.33,55.88,-4.1,30.34,33.13,25.05,30.05
466,32.32,25,18.28,35.48,31.76,26.02,29.01,31.38,25.17,27.53,72.5,55.54,-4.17,32.75,31.23,25.57,30.1
467,31.68,24.05,18.09,36.6,30.83,28.2,28.87,31.25,26,28.09,72.11,55.46,-4.1,33.21,27.69,25.48,30.06
468,30.61,24.34,18.12,36.82,30.87,27.61,28.35,31.5,25.34,28.14,72.48,54.8,-4.05,30.7,25.17,25.37,30.05
469,32.22,24.35,18.04,35.69,30.94,26.43,30.25,32.93,25.43,27.46,72.8,55,-4.03,27.81,27,25.05,30.08
470,32.47,24.08,18.63,36.96,31.04,28.21,29.94,31.77,25.43,26.69,72.99,55.26,-4.11,27.51,30.33,25.35,34.05
471,31.78,24.37,18.74,34.99,32.01,28.16,28.28,31.56,25.51,27.05,72.67,55.21,-4.61,29.5,33.11,25.69,34.02
472,31.63,25.21,18.44,34.02,30.9,27.14,28.76,31.76,25.23,27.91,72.21,55.66,-4.43,32.24,32.05,25.42,34.02
473,32.82,25.94,18.17,34.21,32.18,27.05,27.65,32.05,25.43,27.12,72.59,55.31,-4.38,33.17,28.71,25.1,34.05
474,32.65,25.81,18.63,36.54,31.35,29.26,28.89,31.56,25.25,27.5,72.47,54.92,-4.45,31.34,25.4,25.53,34.09
475,31.94,25.38,18.86,34.75,31.49,29.73,29.82,32.31,25.94,26.98,72.84,54.52,-4.95,28.48,25.75,25.21,34.01
476,31.67,25.26,18.83,36.48,31.69,29.32,28.75,32.68,25.69,28.43,73.37,55.46,-4.86,27.01,29.44,25.28,34.1
477,32.35,26,18.89,36.97,31.93,27.85,27.93,33,25.77,26.92,72.97,55.25,-4.77,29.05,32.49,25.27,34.08
478,32.67,25.41,18.12,35.34,32.19,29.16,28.76,31.15,25.92,28.3,73.23,56.65,-5.1,31.46,33.12,25.34,34.02
479,32.26,25.8,18.51,34.2,31.75,26.31,29.45,32.71,25.52,27.55,73.66,55.19,-4.91,33.22,29.61,25.07,34.08
480,32.59,24.42,18.21,36.69,30.56,26.83,28.29,32.29,25.6,27.12,73.36,55.25,-5.36,32.43,26.53,25.53,30.06
481,31.99,24.47,18.72,36.09,31.24,28.96,29.19,32.43,25.3,27.31,73.2,56.19,-5.27,29.17,25.61,25.54,30.04
482,32.81,25.05,18.99,36.76,31.54,28.44,29.35,31.01,25.76,27.12,73.38,55.04,-5.14,27.13,28.95,25.23,30
483,31.47,24.87,18.42,35.23,31.66,29.06,28.9,32.03,25.17,27.94,74.1,56.8,-5.47,28.08,32.11,25.54,30.1
484,32.02,24.72,18.83,35.94,32.09,29.34,27.64,32.86,25.47,27.83,73.76,55.64,-5.63,30.74,33.34,25.08,30.08
485,32.34,24.87,18.99,35.57,32.2,28.98,28.11,32.62,25.72,27.13,74.16,55.72,-5.73,32.84,30.47,25.12,30.04
486,32.77,25.92,18.08,36.84,31.5,27.8,28.38,31.15,25.6,28.06,74.48,56.76,-5.71,32.59,26.7,25.33,30.05
487,32.76,25.07,18.31,34.95,31.4,29.45,29.72,32.77,25.94,27.9,73.98,57.01,-5.71,30.12,25.37,25.28,30.07
488,30.01,24.38,18.3,34.73,31.11,27.42,27.56,32.43,25.09,27.01,73.91,55.76,-5.91,27.6,27.86,25.02,30.07
489,30.37,24.49,18.45,36.49,32.06,29.96,29.1,31.98,25.46,28.47,74.69,57.11,-5.67,27.48,31.47,25.13,30.06
490,32.48,24.5,18.64,34.55,31.97,27.22,28.21,31.82,25.28,28.4,74.53,56.47,-5.97,29.87,33.81,25.52,34.1
491,32.21,24.73,18.02,36.43,31.88,29.55,29.74,32.69,25.93,28.37,74.22,55.63,-5.98,32.86,32.26,25.03,34.02
492,32.04,26,18.66,34.1,30.62,26.55,28.63,32.69,25.39,28.14,74.37,55.62,-6.3,33.36,28.52,25.63,34.1
493,30.97,25.72,18.23,36.45,30.62,29.71,28.92,32.7,25.11,28.22,75.02,56.67,-6.21,30.85,25.19,25.64,34.04
494,30.28,24.2,18.75,36.1,31.39,28.25,28.77,31.27,25.51,27.48,74.73,55.76,-6.03,28.36,26.83,25.52,34.07
495,32.01,24.72,18.53,36.59,32.17,27.52,29.88,31.4,25.17,26.56,75.04,56.69,-6.32,27.1,30.14,25.68,34.06
496,30.69,25.56,18.68,35.9,31.47,29.44,27.91,31.06,25.53,26.85,75.15,57.65,-6.53,29.19,32.96,25.27,34.09
497,31.7,24.94,18.32,35.3,30.62,28.53,29.48,31.71,25.43,27.62,74.95,56.34,-6.31,31.86,32.35,25.59,34.02
498,31.78,24.54,18.15,36.71,31.43,26.94,28.25,32.47,25.03,26.83,74.84,57.38,-6.77,33.36,28.84,25.47,34.02
499,30.03,24.91,18.42,36.46,31.51,29.21,27.88,32.69,25.07,26.99,75.36,56.76,-6.82,31.67,26.14,25.7,34.08
500,31.36,25.08,18.27,36.53,31.04,27.52,29.47,32.33,25.97,28.23,75.38,56.54,-6.75,28.8,26.05,25.53,30.04
