{"name":"e1bbb845-e9e7-47bd-91aa-9d2dbdb1b613","id":"/providers/Microsoft.Flow/flows/e1bbb845-e9e7-47bd-91aa-9d2dbdb1b613","type":"Microsoft.Flow/flows","properties":{"apiId":"/providers/Microsoft.PowerApps/apis/shared_logicflows","displayName":"Capacity_PauseResumeWorkDays1stShift","definition":{"metadata":{"workflowEntityId":null,"processAdvisorMetadata":null,"flowChargedByPaygo":null,"flowclientsuspensionreason":"None","flowclientsuspensiontime":null,"flowclientsuspensionreasondetails":null,"creator":{"id":"13932dd7-bc9f-462b-83ae-176488a61110","type":"User","tenantId":"f2a463da-6ea5-4a92-901c-6b188f22a134"},"provisioningMethod":"FromDefinition","failureAlertSubscription":true,"clientLastModifiedTime":"2024-02-16T18:30:05.3858343Z","connectionKeySavedTimeKey":"2024-02-16T18:30:05.3858343Z"},"$schema":"https://schema.management.azure.com/providers/Microsoft.Logic/schemas/2016-06-01/workflowdefinition.json#","contentVersion":"1.0.0.0","parameters":{"$connections":{"defaultValue":{},"type":"Object"},"$authentication":{"defaultValue":{},"type":"SecureObject"}},"triggers":{"Recurrence":{"recurrence":{"frequency":"Week","interval":1,"timeZone":"Eastern Standard Time","startTime":"2024-02-14T10:00:00Z","schedule":{"weekDays":["Monday","Tuesday","Wednesday","Thursday","Friday"],"hours":["8","17"],"minutes":[0]}},"metadata":{"operationMetadataId":"13eae130-c0f3-4075-826c-0c9298184c73"},"type":"Recurrence"}},"actions":{"cmpCapacity":{"runAfter":{},"metadata":{"operationMetadataId":"57f55b74-9a45-40cc-93f8-1d9d1ae5e3b3"},"type":"Compose","inputs":"@concat('capacities/', 'ppmfabricdemo')","description":"concat('capacities/', 'ppmfabricdemo')"},"cmpActionName":{"runAfter":{"cmpCapacity":["Succeeded"]},"metadata":{"operationMetadataId":"618af7f2-c7a0-4792-a342-7b63d992ba78"},"type":"Compose","inputs":"@if(equals(convertTimeZone(utcNow(),'UTC','Eastern Standard Time','HH'), '8'), 'resume', 'suspend')","description":"if(equals(convertTimeZone(utcNow(),'UTC','Eastern Standard Time','HH'), '8'), 'resume', 'suspend')"},"Read_a_resource":{"runAfter":{"cmpActionName":["Succeeded"]},"metadata":{"operationMetadataId":"0d94de33-ccb5-4d66-ada5-0c36b59c77ac"},"type":"OpenApiConnection","inputs":{"host":{"apiId":"/providers/Microsoft.PowerApps/apis/shared_arm","connectionName":"shared_arm","operationId":"Resources_GetById"},"parameters":{"subscriptionId":"5f3e3cbd-b8a7-4d6e-a6c9-1fa98964ff8c","resourceGroupName":"Demo","resourceProviderNamespace":"Microsoft.Fabric","shortResourceId":"@outputs('cmpCapacity')","x-ms-api-version":"2023-11-01"},"authentication":"@parameters('$authentication')"}},"cmpCurrentState":{"runAfter":{"Read_a_resource":["Succeeded"]},"metadata":{"operationMetadataId":"0bf0838f-571a-4a17-84cc-27fd0dfe8bb8"},"type":"Compose","inputs":"@outputs('Read_a_resource')?['body/properties']?['state']"},"Condition":{"actions":{"Invoke_resource_operation":{"runAfter":{},"metadata":{"operationMetadataId":"d3a7cb35-0d92-4b3e-910b-5d9e800078f8"},"type":"OpenApiConnection","inputs":{"host":{"apiId":"/providers/Microsoft.PowerApps/apis/shared_arm","connectionName":"shared_arm","operationId":"Resources_Invoke"},"parameters":{"subscriptionId":"5f3e3cbd-b8a7-4d6e-a6c9-1fa98964ff8c","resourceGroupName":"Demo","resourceProviderNamespace":"Microsoft.Fabric","shortResourceId":"@outputs('cmpCapacity')","x-ms-api-version":"2023-11-01","actionName":"@outputs('cmpActionName')"},"authentication":"@parameters('$authentication')"}}},"runAfter":{"cmpCurrentState":["Succeeded"]},"expression":{"or":[{"equals":["@and(\r\n    equals(outputs('cmpCurrentState'), 'Paused'),\r\n    equals(outputs('cmpActionName'), 'resume')\r\n)","@true"]},{"equals":["@and(\r\n    equals(outputs('cmpCurrentState'), 'Active'),\r\n    equals(outputs('cmpActionName'), 'suspend')\r\n)","@true"]}]},"metadata":{"operationMetadataId":"571820ff-a702-4ed9-96de-1f5b93937c4f"},"type":"If","description":"and(     equals(outputs('cmpCurrentState'), 'Paused'),     equals(outputs('cmpActionName'), 'resume') )"}}},"connectionReferences":{"shared_arm":{"connectionName":"shared-arm-d7018a86-878c-4880-83da-4a772e87c6a9","source":"Embedded","id":"/providers/Microsoft.PowerApps/apis/shared_arm","tier":"NotSpecified"}},"flowFailureAlertSubscribed":false,"isManaged":false}}